,Data,lpim_BR,ln_Selic_aa,ln_cambio,ln_IPCA,ln_oil,Dln_IPCA,EmpLiq
"1995-1","1995M01",4.2290263489042585,0.38015667400000003,4.2780540440000001,6.9409385730000004,2.8063861019999998,#N/A,187751
"1995-2","1995M02",4.1810609462106232,0.44816097100000002,4.271513981,6.9510829320000003,2.8414149129999999,0.010144358999999881,220192
"1995-3","1995M03",4.3353161247056189,0.45730146900000002,4.3388581390000001,6.9664674849999999,2.8343891229999998,0.015384552999999634,117652
"1995-4","1995M04",4.2275144570072651,0.61772882399999995,4.3555543139999999,6.9904774710000002,2.9306602769999999,0.024009986000000261,123612
"1995-5","1995M05",4.2188644907417778,0.47651656999999997,4.3137477940000002,7.0168249070000002,2.9079933590000002,0.026347436000000002,184982
"1995-6","1995M06",4.2672185084261791,0.47523232999999998,4.3148178850000001,7.0391694319999996,2.853592506,0.022344524999999393,34018
"1995-7","1995M07",4.2571003782605938,0.47331570000000001,4.3103963600000004,7.0624915020000003,2.7638002159999999,0.02332207000000075,-13615
"1995-8","1995M08",4.2856164561533463,0.412831526,4.2941512480000004,7.0723455619999998,2.7769541800000002,0.0098540599999994427,-87235
"1995-9","1995M09",4.24172859821274,0.41210355799999998,4.2895000769999996,7.0821958619999998,2.8130106370000001,0.0098503000000000895,-27089
"1995-10","1995M10",4.2828672379484471,0.36541486099999998,4.2940147570000002,7.0961997190000003,2.7800607369999999,0.014003857000000508,-43436
"1995-11","1995M11",4.2612724539970941,0.35720850100000001,4.3036596060000001,7.1107940770000004,2.8261294889999999,0.014594358000000085,-80015
"1995-12","1995M12",4.1252785807494901,0.34517124500000002,4.263806003,7.1262721439999996,2.8881470629999999,0.015478066999999207,-354174
"1996-1","1996M01",4.1365593054257523,0.29138808100000002,4.2530562529999996,7.1395810309999996,2.8870328569999999,0.013308886999999991,139081
"1996-2","1996M02",4.1163435909087474,0.30826817699999998,4.2527717989999996,7.1498304900000003,2.8887037009999998,0.010249459000000627,79412
"1996-3","1996M03",4.2110860189945667,0.26358248099999998,4.253482784,7.1533254629999998,2.995232149,0.0034949729999995682,85086
"1996-4","1996M04",4.2034850322804296,0.25791601800000002,4.2430518819999996,7.1658488990000002,3.0449985150000001,0.012523436000000387,149952
"1996-5","1996M05",4.2823164861583516,0.22826217300000001,4.2352652529999997,7.1779732379999999,2.9523027160000002,0.012124338999999651,225690
"1996-6","1996M06",4.2304199154983859,0.25969061399999999,4.2298947489999996,7.1898014999999997,2.9052603700000001,0.011828261999999867,161113
"1996-7","1996M07",4.3528213622198182,0.20929240700000001,4.2303312709999998,7.2008427160000004,2.9760396400000002,0.011041216000000631,86103
"1996-8","1996M08",4.3462281581566016,0.223226326,4.2404630699999997,7.205234205,2.993730271,0.0043914889999996376,37004
"1996-9","1996M09",4.3232266213511767,0.226338282,4.2391661469999997,7.2067333109999998,3.0937660139999998,0.0014991059999998058,102224
"1996-10","1996M10",4.3673978396643145,0.21094243100000001,4.2393103319999996,7.2097321919999997,3.1646308099999998,0.0029988809999998978,-21359
"1996-11","1996M11",4.3208970989084721,0.225313236,4.2476377320000003,7.212928486,3.1036894149999998,0.0031962940000003215,-36549
"1996-12","1996M12",4.2033658072430313,0.21458858,4.2417583140000001,7.2176194980000004,3.1578511229999999,0.0046910120000003275,-462729
"1997-1","1997M01",4.2034850322804296,0.19667405700000001,4.2246415629999996,7.2293531529999999,3.15572301,0.011733654999999565,223933
"1997-2","1997M02",4.1498548479069965,0.23219959700000001,4.2099029029999997,7.2343431110000003,3.0363942549999998,0.0049899580000003496,177658
"1997-3","1997M03",4.2609348252729378,0.21596453800000001,4.2055877410000004,7.2394303129999997,2.9554309769999998,0.0050872019999994578,203293
"1997-4","1997M04",4.2850672168359747,0.19752240400000001,4.1981037969999999,7.2481910789999997,2.8604851240000002,0.0087607659999999754,245266
"1997-5","1997M05",4.3112032813206724,0.198077908,4.2110900229999997,7.2522807159999996,2.9517803859999998,0.0040896369999998683,235871
"1997-6","1997M06",4.3258672355076868,0.191287174,4.2106450180000001,7.2576653929999999,2.8650539500000001,0.0053846770000003374,173028
"1997-7","1997M07",4.3669929813591892,0.174331242,4.2042447579999997,7.2598618039999998,2.9139797719999998,0.0021964109999998982,87701
"1997-8","1997M08",4.3680048199560915,0.18880936800000001,4.1996050729999999,7.2596648869999996,2.9279886209999999,-0.00019691700000024071,99079
"1997-9","1997M09",4.3896143042889468,0.180726157,4.2141995239999996,7.2602625500000002,2.9150643700000001,0.00059766300000063666,127488
"1997-10","1997M10",4.4149246894428371,0.18177410599999999,4.227417516,7.2625584720000003,2.9982291540000001,0.0022959220000000613,62784
"1997-11","1997M11",4.3055138236461401,0.377758655,4.2322206700000002,7.2642542069999996,2.9444389790000001,0.0016957349999993099,-44174
"1997-12","1997M12",4.170520341204325,0.33550913799999998,4.2222979269999996,7.2685437510000002,2.839078464,0.0042895440000005891,-531644
"1998-1","1998M01",4.1663222858970386,0.31619414499999998,4.2122757350000004,7.2756154349999997,2.7140322729999999,0.0070716839999995784,170201
"1998-2","1998M02",4.1402491117623024,0.29504016700000002,4.2186249629999999,7.2802080949999999,2.6433338860000002,0.0045926600000001372,160874
"1998-3","1998M03",4.292292998220395,0.249349721,4.2174467590000004,7.2835993160000001,2.5710843460000001,0.0033912210000002219,162540
"1998-4","1998M04",4.2535914041468006,0.22445211900000001,4.2255190130000004,7.2859930650000004,2.5945081600000002,0.0023937490000003336,222745
"1998-5","1998M05",4.3243893507248128,0.203728468,4.2336716269999997,7.2909815949999999,2.6665335209999999,0.0049885299999994359,247376
"1998-6","1998M06",4.3242837039020428,0.190765094,4.2313490829999996,7.2911792560000004,2.4898941909999999,0.00019766100000051523,145281
"1998-7","1998M07",4.3678025341255236,0.18509743100000001,4.2380119120000002,7.2899790539999998,2.4882344399999998,-0.0012002020000005942,76967
"1998-8","1998M08",4.3481900566639409,0.17586305699999999,4.248638089,7.2848689220000002,2.4748563140000002,-0.0051101319999995454,139462
"1998-9","1998M09",4.3346889688368346,0.29484890499999999,4.2844138059999999,7.2826649550000004,2.592265168,-0.0022039669999998068,63325
"1998-10","1998M10",4.3263945226277336,0.34781658100000001,4.3149515660000004,7.2828642669999999,2.5305171610000001,0.00019931199999945193,-4985
"1998-11","1998M11",4.2860556305126236,0.32736151699999999,4.3094559419999996,7.281660918,2.3905959700000001,-0.0012033489999998537,-76433
"1998-12","1998M12",4.1468314140090001,0.27183573100000002,4.3209487849999997,7.2849580769999998,2.2823823860000001,0.0032971589999997164,-594099
"1999-1","1999M01",4.1317036863789101,0.27147648299999999,4.5330295080000003,7.2919354619999996,2.3933394560000001,0.0069773849999998916,144777
"1999-2","1999M02",4.0898511024893045,0.32912014499999998,4.7497033369999997,7.3023818619999998,2.32238772,0.010446400000000189,51023
"1999-3","1999M03",4.2647546254460416,0.35938817699999998,4.7190344419999999,7.3133203819999997,2.4948569809999999,0.010938519999999841,82955
"1999-4","1999M04",4.227863558075569,0.30839424300000001,4.6021656770000003,7.3189042039999999,2.7186603800000002,0.0055838220000001826,190799
"1999-5","1999M05",4.2937101238731552,0.23984661800000001,4.5885325449999996,7.3219025870000003,2.7226103519999998,0.0029983830000004374,252708
"1999-6","1999M06",4.2934922352133977,0.19896570699999999,4.6255608759999998,7.3237975840000002,2.747270914,0.0018949969999999539,156779
"1999-7","1999M07",4.3155824605486686,0.18844520400000001,4.6344376839999999,7.3346360920000002,2.92905814,0.010838507999999969,96567
"1999-8","1999M08",4.3506627552244677,0.17826725099999999,4.6867501730000001,7.3402192810000004,3.0041963520000001,0.0055831890000002105,121842
"1999-9","1999M09",4.3396952371149791,0.177143517,4.6979316659999997,7.3433162620000001,3.0960299949999999,0.0030969809999996656,95204
"1999-10","1999M10",4.3578400648211817,0.173175363,4.7302156750000002,7.355148969,3.0964821769999999,0.011832706999999942,110020
"1999-11","1999M11",4.333956789524799,0.17349883299999999,4.6911643789999999,7.364604011,3.2007118540000001,0.0094550419999999136,-7135
"1999-12","1999M12",4.2291425536571641,0.173876645,4.6325907820000003,7.3705832239999998,3.2378938310000001,0.0059792129999998167,-361677
"2000-1","2000M01",4.1794747095288072,0.173428628,4.6068687429999997,7.3767646640000004,3.2276373309999999,0.0061814400000006486,266076
"2000-2","2000M02",4.237704447913015,0.172856382,4.5782100039999998,7.3780651109999997,3.318902139,0.0013004469999993162,313278
"2000-3","2000M03",4.3038977052100256,0.17266331300000001,4.5568199250000001,7.3802620230000002,3.3130945000000001,0.0021969120000004949,159449
"2000-4","2000M04",4.261722448379758,0.17074124500000001,4.5645565030000004,7.3844551879999996,3.115291509,0.0041931649999993326,237219
"2000-5","2000M05",4.3561017342029622,0.169849738,4.5800574850000002,7.3845545159999997,3.3105430130000002,9.9328000000120653e-05,293197
"2000-6","2000M06",4.3654733012126128,0.165858218,4.5894472259999999,7.3868549139999997,3.390473418,0.0023003980000000368,266389
"2000-7","2000M07",4.3834592168532698,0.155705393,4.5619494840000003,7.402829498,3.3502549030000002,0.015974584000000291,174852
"2000-8","2000M08",4.4278676820708638,0.15291496500000001,4.5375335369999998,7.4158431589999996,3.397523976,0.013013660999999566,170678
"2000-9","2000M09",4.374657399677119,0.153240713,4.543826556,7.4181388049999999,3.4849255970000002,0.0022956460000003176,156655
"2000-10","2000M10",4.4280581764042335,0.15354721099999999,4.560277417,7.4195364460000004,3.431726587,0.0013976410000005046,45727
"2000-11","2000M11",4.3853494825506694,0.15277706299999999,4.595927605,7.4227322740000004,3.481855285,0.0031958279999999561,39568
"2000-12","2000M12",4.3030347062352128,0.15007182299999999,4.6157143999999999,7.4286124180000002,3.230013569,0.0058801439999998095,-471695
"2001-1","2001M01",4.2940368678721414,0.14399894599999999,4.6087637209999999,7.4342987279999999,3.2441536320000002,0.0056863099999997502,401383
"2001-2","2001M02",4.2582296838577456,0.14149942500000001,4.6630616639999998,7.438889284,3.3109079100000001,0.0045905560000001344,332168
"2001-3","2001M03",4.3843550512833591,0.14318292699999999,4.6955591859999997,7.442680169,3.194583132,0.0037908849999999106,184313
"2001-4","2001M04",4.3219566455216887,0.148603282,4.7376885660000001,7.4484619829999996,3.240637317,0.0057818139999996632,250651
"2001-5","2001M05",4.4033750875780351,0.15210652299999999,4.7802992719999997,7.4525532520000004,3.3481481610000001,0.0040912690000007856,257157
"2001-6","2001M06",4.3563064005974548,0.159424908,4.8018054770000003,7.4577419989999996,3.322154174,0.0051887469999991609,164992
"2001-7","2001M07",4.3987764786228452,0.17031458099999999,4.8259910420000001,7.4709532149999998,3.2003044389999999,0.013211216000000192,57704
"2001-8","2001M08",4.4273912874165307,0.173916827,4.8522646109999998,7.477926589,3.245322995,0.0069733740000001987,107085
"2001-9","2001M09",4.3602890456369989,0.174492547,4.9152251089999996,7.4807215510000002,3.2402458510000001,0.0027949620000002895,132255
"2001-10","2001M10",4.3975989689195254,0.17448440100000001,4.925730787,7.4889871750000001,3.0194488000000002,0.0082656239999998604,96952
"2001-11","2001M11",4.3685103555818419,0.17436121299999999,4.8375509430000001,7.4960640300000003,2.941276088,0.0070768550000002151,1638
"2001-12","2001M12",4.2364363631272592,0.174374056,4.7608910609999997,7.5025451419999998,2.923161581,0.006481111999999456,-553784
"2002-1","2002M01",4.282206299391671,0.174374056,4.7162642330000004,7.5077339849999998,2.9693882980000001,0.0051888429999999985,332720
"2002-2","2002M02",4.2442003177664782,0.17366852199999999,4.709800435,7.5113278000000001,3.0101281539999998,0.0035938150000003333,293378
"2002-3","2002M03",4.3489867805956814,0.17161390400000001,4.670583325,7.5173088720000001,3.1650530180000001,0.0059810719999999762,243410
"2002-4","2002M04",4.3770140928503372,0.16868765299999999,4.6576677550000003,7.5252787239999996,3.244543572,0.0079698519999995554,305356
"2002-5","2002M05",4.3870141761849206,0.16860861999999999,4.7264138930000001,7.5273743189999998,3.235929579,0.0020955950000001167,259589
"2002-6","2002M06",4.3502779363593014,0.16635511,4.8259108529999999,7.5315630990000004,3.1834558799999999,0.0041887800000006692,196417
"2002-7","2002M07",4.4224485491727972,0.16695175800000001,4.9172033490000002,7.5433951610000003,3.2492110250000001,0.011832061999999866,138947
"2002-8","2002M08",4.4260435200906558,0.16415350300000001,4.9605342710000002,7.5498722880000004,3.2820383999999998,0.006477127000000138,148028
"2002-9","2002M09",4.4079380164583828,0.16461766,5.0255239070000002,7.5570446110000002,3.3442742339999998,0.0071723229999998139,224525
"2002-10","2002M10",4.4908810395859637,0.17886814000000001,5.1418389800000002,7.5700617360000004,3.3160025360000001,0.013017125000000185,55904
"2002-11","2002M11",4.4296256134731609,0.192676555,5.06423925,7.5998168709999998,3.1986731179999999,0.029755134999999377,6309
"2002-12","2002M12",4.3121405072097154,0.20729304100000001,5.067015628,7.6205972380000002,3.3506055959999999,0.02078036700000041,-537544
"2003-1","2003M01",4.3040650932041702,0.223602879,5.0063594990000002,7.6428502199999997,3.4414070149999998,0.022252981999999477,338940
"2003-2","2003M02",4.2738844760541781,0.22854258699999999,5.0763606110000001,7.6584305270000002,3.485798913,0.01558030700000046,335344
"2003-3","2003M03",4.3489867805956814,0.23361915699999999,5.0294570480000003,7.6706570410000001,3.4124355830000002,0.012226513999999966,126842
"2003-4","2003M04",4.3372907408324899,0.23364131199999999,4.9282676639999998,7.6803095810000004,3.2231937620000002,0.0096525400000002648,263257
"2003-5","2003M05",4.3782695857961693,0.233554657,4.8905746670000001,7.6863918460000002,3.2484522789999999,0.0060822649999998646,220649
"2003-6","2003M06",4.334672938290411,0.23179635400000001,4.8696859799999999,7.6848896849999999,3.3158469620000002,-0.0015021610000003349,190828
"2003-7","2003M07",4.3981460165537651,0.226013783,4.8613615909999996,7.686887477,3.346327906,0.0019977920000000537,71029
"2003-8","2003M08",4.401829261970061,0.21104458000000001,4.8891453970000001,7.6902814480000004,3.3953709170000002,0.0033939710000003842,141641
"2003-9","2003M09",4.4508528256037341,0.19078246800000001,4.864607093,7.6980518560000002,3.2994666339999998,0.0077704079999998399,215044
"2003-10","2003M10",4.499809670330265,0.17845148999999999,4.8600449350000003,7.7009468700000001,3.3874511599999999,0.002895013999999918,106269
"2003-11","2003M11",4.4379342666121779,0.168157841,4.8733635819999996,7.7043431330000001,3.3594026920000002,0.003396262999999955,46458
"2003-12","2003M12",4.3554259528767023,0.156229329,4.8908753059999999,7.7095281389999997,3.395558324,0.0051850059999996034,-573752
"2004-1","2004M01",4.3412046401536264,0.151150221,4.874662829,7.7170975679999998,3.438609934,0.0075694290000001274,362603
"2004-2","2004M02",4.3040650932041702,0.15099795199999999,4.9252952470000002,7.7231776129999998,3.429655254,0.0060800450000000339,359925
"2004-3","2004M03",4.4647580322713463,0.150071485,4.9090454379999997,7.7278654519999996,3.520435075,0.0046878389999998049,281309
"2004-4","2004M04",4.4091553020621346,0.14804002099999999,4.9060152449999999,7.7315578450000002,3.5074393270000002,0.0036923930000005711,275886
"2004-5","2004M05",4.4578295980893818,0.146439403,4.9598331069999997,7.7366432850000004,3.6307457749999998,0.0050854400000002187,406906
"2004-6","2004M06",4.4555094114336846,0.14668645899999999,4.9705075030000003,7.7437162620000004,3.56083945,0.0070729769999999803,296256
"2004-7","2004M07",4.5009201646142918,0.14646690500000001,4.9373474980000003,7.7527733999999997,3.647311443,0.0090571379999992985,286359
"2004-8","2004M08",4.5228749432612609,0.14722418200000001,4.9174229120000001,7.7596482800000004,3.7619186739999999,0.0068748800000006938,314068
"2004-9","2004M09",4.5228749432612609,0.149227524,4.8796150320000002,7.7629447750000002,3.7700508949999998,0.0032964949999998439,273788
"2004-10","2004M10",4.5379614362946414,0.15194633499999999,4.8750446399999996,7.7673359670000002,3.9074219609999998,0.0043911919999999327,124218
"2004-11","2004M11",4.5196122976264448,0.15664640699999999,4.8601999259999999,7.7742127029999999,3.762478368,0.0068767359999997169,96540
"2004-12","2004M12",4.4391156016580089,0.16127307699999999,4.8432417579999996,7.7827739149999999,3.6802444529999998,0.0085612120000000402,-789702
"2005-1","2005M01",4.3944491546724391,0.16492729,4.8204428430000004,7.7885556109999996,3.7906298899999999,0.0057816959999996698,585910
"2005-2","2005M02",4.3359826961724748,0.169515584,4.7879083229999999,7.7944400480000002,3.8189642890000002,0.0058844370000006307,398639
"2005-3","2005M03",4.4773368144782069,0.173721818,4.8307108620000001,7.8005194180000004,3.9716609510000001,0.0060793700000001394,310157
"2005-4","2005M04",4.4659081186545837,0.17660912300000001,4.7728855899999996,7.8091800579999999,3.9484926850000002,0.0086606399999995531,424464
"2005-5","2005M05",4.5119578042659123,0.179025711,4.7152794089999999,7.8140684,3.8849881060000002,0.004888342000000101,319303
"2005-6","2005M06",4.5152454784601046,0.18019871700000001,4.685366728,7.8138663739999998,3.9946665239999999,-0.00020202600000018833,281465
"2005-7","2005M07",4.5053498507058807,0.180004576,4.6670175890000003,7.8163645839999996,4.0531587450000002,0.0024982099999997232,159385
"2005-8","2005M08",4.5601728200573559,0.18022170900000001,4.6711451750000004,7.8180641550000001,4.1608309129999999,0.0016995710000005104,225039
"2005-9","2005M09",4.5217885770490405,0.179034105,4.6446793189999998,7.8215589210000003,4.1428533019999998,0.0034947660000002045,278812
"2005-10","2005M10",4.5400981892443761,0.17606681399999999,4.6139316920000004,7.8290295719999996,4.0694092609999997,0.0074706509999993287,161043
"2005-11","2005M11",4.5261269786476381,0.172820532,4.5768735869999997,7.8345150190000004,4.0170298219999996,0.0054854470000007538,53301
"2005-12","2005M12",4.4612998155683892,0.167559439,4.6141299269999996,7.8381066949999996,4.0379906380000001,0.0035916759999992109,-624209
"2006-1","2006M01",4.4272389774954295,0.16256279200000001,4.6119471699999997,7.8439898049999996,4.1488542690000001,0.0058831100000000802,439152
"2006-2","2006M02",4.3845235148724688,0.15939795700000001,4.5584977779999996,7.8480827990000002,4.0930687490000004,0.0040929940000005161,494587
"2006-3","2006M03",4.5261269786476381,0.15473700300000001,4.5569248729999998,7.8523729869999999,4.1312213939999998,0.004290187999999695,250951
"2006-4","2006M04",4.4508528256037341,0.15009547200000001,4.5553494910000003,7.8544704579999998,4.2546548040000003,0.0020974709999999064,383945
"2006-5","2006M05",4.558078578454241,0.14584219300000001,4.5982462709999998,7.8554710319999996,4.252301653,0.0010005739999998653,310644
"2006-6","2006M06",4.5119578042659123,0.14129218299999999,4.6283983119999998,7.8533678919999996,4.232042452,-0.0021031400000000033,231476
"2006-7","2006M07",4.5411648560121787,0.139580967,4.6063694670000004,7.8552655690000002,4.3026870529999997,0.0018976770000005416,209200
"2006-8","2006M08",4.5910712616085894,0.136785501,4.5971380140000004,7.8557655840000002,4.2988104180000004,0.00050001500000007582,219518
"2006-9","2006M09",4.5347477216915459,0.132521685,4.5965329930000003,7.8578636919999996,4.139522769,0.0020981079999993213,244615
"2006-10","2006M10",4.5798523780038014,0.13059610499999999,4.5821062460000004,7.8611568070000004,4.0670045090000002,0.0032931150000008458,167753
"2006-11","2006M11",4.5633059818893926,0.12794445300000001,4.5912740809999999,7.8642508549999999,4.0687547669999997,0.0030940479999994608,50101
"2006-12","2006M12",4.4659081186545837,0.123862835,4.598044861,7.869038497,4.1314874159999997,0.0047876420000001474,-748929
"2007-1","2007M01",4.4659081186545837,0.12336343,4.5834356940000003,7.8734302840000003,3.9991894430000001,0.0043917870000003134,433982
"2007-2","2007M02",4.4140096805269327,0.12161804800000001,4.5627844690000003,7.8778218210000004,4.0562705250000004,0.0043915370000000564,465977
"2007-3","2007M03",4.5685062016164997,0.119897698,4.5658054620000001,7.881514599,4.1294484210000002,0.0036927779999995636,351027
"2007-4","2007M04",4.5064542130489338,0.118488871,4.5495517620000001,7.8840115920000002,4.2121981420000001,0.0024969930000002805,488415
"2007-5","2007M05",4.604169685654508,0.117160321,4.527208645,7.8868067030000004,4.2117797110000001,0.0027951110000001833,305547
"2007-6","2007M06",4.5736795188967205,0.113595643,4.5011421159999996,7.8896015149999998,4.2671367309999999,0.0027948119999994248,253783
"2007-7","2007M07",4.6031681833174183,0.11087232,4.4868369990000003,7.8919999430000001,4.3464642219999998,0.00239842800000023,223926
"2007-8","2007M08",4.6530075154022512,0.108222044,4.5245022830000003,7.8966903410000002,4.259816013,0.0046903980000001511,218631
"2007-9","2007M09",4.5890408040582074,0.106335885,4.498920386,7.8984890700000001,4.3454728620000003,0.0017987289999998879,347485
"2007-10","2007M10",4.6802776584748971,0.10597738900000001,4.4563220890000004,7.9014847159999997,4.416811311,0.0029956459999995744,260919
"2007-11","2007M11",4.6288867126054072,0.105981511,4.4565541619999998,7.9052757060000003,4.5275132659999997,0.0037909900000006047,181957
"2007-12","2007M12",4.5282891416521336,0.105981511,4.4619924160000002,7.9126501190000003,4.5166563819999999,0.0073744129999999686,-659532
"2008-1","2008M01",4.5517694092609764,0.10596502300000001,4.4565541619999998,7.9180353190000003,4.5218594630000002,0.0053852000000000899,420874
"2008-2","2008M02",4.5119578042659123,0.105976738,4.4468776070000002,7.9229243629999999,4.5519652910000001,0.004889043999999565,541484
"2008-3","2008M03",4.5819015590487373,0.105972443,4.4580613209999997,7.9277138950000001,4.6359210649999998,0.0047895320000002073,406315
"2008-4","2008M04",4.5971380142908274,0.10768646,4.4539983980000004,7.933198129,4.7021937730000003,0.0054842339999998657,449911
"2008-5","2008M05",4.6298627985784631,0.109993144,4.4322443509999996,7.9410678680000002,4.8161969889999998,0.0078697390000002088,325283
"2008-6","2008M06",4.6376373761255927,0.114126668,4.4080598120000003,7.9484418010000004,4.8907142600000002,0.0073739330000002212,428468
"2008-7","2008M07",4.6867501729805143,0.116576373,4.3951896210000001,7.9537259960000002,4.8970867589999996,0.0052841949999997695,328169
"2008-8","2008M08",4.6718938180309992,0.121501664,4.3888781100000003,7.9565223469999999,4.7348859750000001,0.0027963509999997527,335224
"2008-9","2008M09",4.6756286496366526,0.12566223500000001,4.472895147,7.9591187149999998,4.5957716120000001,0.002596367999999849,348303
"2008-10","2008M10",4.6858280890055459,0.128083587,4.6075673110000004,7.9636096729999997,4.288301068,0.0044909579999998783,93753
"2008-11","2008M11",4.5664293576716606,0.127865115,4.6117485010000001,7.9672039200000002,3.9748381670000001,0.00359424700000055,-35373
"2008-12","2008M12",4.3707128747736084,0.12804142600000001,4.6746029609999997,7.9700009109999996,3.7197248909999998,0.0027969909999994158,-1329857
"2009-1","2009M01",4.3656431554233572,0.12508271700000001,4.6183825169999997,7.9747874569999997,3.8004004999999998,0.0047865460000000581,413652
"2009-2","2009M02",4.3320482648676402,0.119203082,4.600559573,7.9802733899999998,3.7668238079999998,0.0054859330000001094,385241
"2009-3","2009M03",4.4841318576110352,0.110673942,4.578826211,7.9822695279999998,3.8467181300000002,0.0019961379999999807,343074
"2009-4","2009M04",4.4450014338352704,0.105343833,4.5578689130000001,7.9870590180000001,3.9314958099999999,0.0047894900000002849,249940
"2009-5","2009M05",4.514150787600923,0.096760004999999996,4.4988091700000004,7.9917478859999997,4.0594326479999996,0.0046888679999996796,251319
"2009-6","2009M06",4.5239601305625481,0.091115086999999997,4.4702664240000001,7.9953403239999998,4.2285376680000004,0.0035924380000000866,211102
"2009-7","2009M07",4.5819015590487373,0.086231906999999997,4.4587561679999999,7.9977370990000001,4.173001695,0.0023967750000002397,212541
"2009-8","2009M08",4.6011621645905523,0.082962382000000001,4.4171524370000004,7.9992355279999998,4.2836522410000004,0.0014984289999997458,347559
"2009-9","2009M09",4.5991521136625284,0.082962382000000001,4.4083033580000004,8.0016330440000001,4.2148981670000003,0.002397516000000266,360061
"2009-10","2009M10",4.6596583712721609,0.082962382000000001,4.3713447859999999,8.0044290230000001,4.2931146919999996,0.0027959790000000595,296901
"2009-11","2009M11",4.619073091157083,0.082962382000000001,4.3728597469999997,8.0085219120000009,4.344281499,0.0040928890000007101,305480
"2009-12","2009M12",4.5443580465913342,0.082958144999999997,4.380400313,8.0122137789999996,4.3134800919999998,0.0036918669999987941,-872166
"2010-1","2010M01",4.513054897080286,0.082957721999999998,4.3768884569999997,8.0196851599999999,4.3361447369999997,0.0074713810000002212,541949
"2010-2","2010M02",4.4886363697321396,0.082962382000000001,4.400971051,8.0274536849999993,4.3082724460000001,0.007768524999999471,552707
"2010-3","2010M03",4.6549122778829055,0.082962382000000001,4.3662782780000002,8.0326394200000006,4.3729200779999999,0.0051857350000013014,574067
"2010-4","2010M04",4.598145571051127,0.083626930000000002,4.3461403560000003,8.0383247860000004,4.4418113320000003,0.005685365999999803,464852
"2010-5","2010M05",4.6472713620067267,0.089826668999999998,4.352340324,8.0426159189999993,4.3340299059999996,0.0042911329999988368,431970
"2010-6","2010M06",4.6298627985784631,0.094734172000000005,4.3359826960000003,8.0426159189999993,4.3153282070000003,0,305036
"2010-7","2010M07",4.6718938180309992,0.098204841000000001,4.336506119,8.0427155690000003,4.3139546050000002,9.9650000001005878e-05,376308
"2010-8","2010M08",4.6830567246451622,0.1012912,4.3414650229999996,8.0431140689999996,4.3398128099999997,0.00039849999999930219,450264
"2010-9","2010M09",4.6615505194241988,0.1012912,4.3250593789999998,8.0476022769999993,4.3539719850000003,0.004488207999999716,276605
"2010-10","2010M10",4.6793495841623427,0.1012912,4.3198852380000003,8.0550751890000001,4.4178533160000004,0.0074729120000007754,172857
"2010-11","2010M11",4.6709579265260945,0.1012912,4.3273064220000004,8.0633400379999998,4.450502706,0.0082648489999996855,135462
"2010-12","2010M12",4.5705787412184726,0.101303029,4.3005453930000002,8.0696208879999993,4.5195744070000003,0.0062808499999995604,-974259
"2011-1","2011M01",4.5347477216915459,0.10303480399999999,4.2930587999999998,8.0778879089999993,4.5674139240000002,0.0082670209999999855,577538
"2011-2","2011M02",4.558078578454241,0.10588629500000001,4.3130784049999997,8.0858562759999995,4.6439581130000001,0.0079683670000001428,749171
"2011-3","2011M03",4.6482296754485386,0.109949767,4.314416735,8.0937249960000006,4.7400620660000001,0.0078687200000011615,227637
"2011-4","2011M04",4.5798523780038014,0.110965647,4.2795785400000002,8.1013958899999992,4.8134069909999999,0.0076708939999985404,500588
"2011-5","2011M05",4.6737629774537028,0.112613794,4.2961963780000003,8.1060861979999999,4.7402095319999997,0.004690308000000698,388546
"2011-6","2011M06",4.632785353021065,0.114207874,4.2819300179999997,8.1075845110000007,4.734070988,0.001498313000000806,309840
"2011-7","2011M07",4.664382045619937,0.115587725,4.2733272180000004,8.1091828469999996,4.7575560440000002,0.0015983359999989233,217715
"2011-8","2011M08",4.7077267743131834,0.117052449,4.2963325709999998,8.1128754250000004,4.7012192229999998,0.0036925780000007791,330551
"2011-9","2011M09",4.6520537718869415,0.112482452,4.3582461060000002,8.1181623389999995,4.7224803829999997,0.0052869139999991432,317692
"2011-10","2011M10",4.6662652853479019,0.110639105,4.359525369,8.122454351,4.6956418390000003,0.0042920120000005113,196037
"2011-11","2011M11",4.6463121293192664,0.107956353,4.3574777620000003,8.1276408020000002,4.7050525419999998,0.0051864510000001474,111942
"2011-12","2011M12",4.5612182984589085,0.10346164200000001,4.3743724159999999,8.1326271680000009,4.6818534109999996,0.004986366000000686,-986052
"2012-1","2012M01",4.4852598893155342,0.10160984200000001,4.3405533859999998,8.1382112870000007,4.7094728699999999,0.0055841189999998875,570777
"2012-2","2012M02",4.497584975308154,0.098940974000000001,4.3234701849999997,8.1427004489999995,4.7850085030000002,0.0044891619999987142,627003
"2012-3","2012M03",4.6021656769677923,0.093673650999999997,4.3694478520000004,8.1447981889999994,4.8277426649999997,0.0020977399999999591,357452
"2012-4","2012M04",4.5304466397921548,0.089378605,4.3956829610000003,8.151177616,4.7924042599999996,0.0063794270000006037,398949
"2012-5","2012M05",4.6298627985784631,0.084988701,4.4488671919999998,8.1547703309999999,4.7052122360000004,0.0035927149999999131,293314
"2012-6","2012M06",4.5880240271531205,0.080571173999999995,4.4659081189999998,8.1555688770000003,4.5600582489999999,0.00079854600000039966,252828
"2012-7","2012M07",4.6491870714048655,0.077623277000000004,4.4534166309999996,8.1598608890000008,4.6360961029999999,0.0042920120000005113,250783
"2012-8","2012M08",4.7140245909001735,0.075537398000000006,4.4646429510000001,8.1639523440000001,4.7303921510000002,0.0040914549999993,242115
"2012-9","2012M09",4.6386049620743286,0.071295834000000002,4.4731234049999999,8.1696365489999998,4.7307670579999996,0.0056842049999996647,253634
"2012-10","2012M10",4.7167115607209986,0.069812883000000006,4.4698085479999996,8.1755194499999995,4.7182620420000001,0.0058829009999996629,47246
"2012-11","2012M11",4.6520537718869415,0.068965481999999995,4.4772231720000004,8.1815022499999994,4.6978570929999997,0.0059827999999999548,61198
"2012-12","2012M12",4.5239601305625481,0.069129110999999993,4.4830025520000003,8.1893722239999995,4.6972022710000001,0.0078699740000001128,-1339506
"2013-1","2013M01",4.5485998344996972,0.068685838999999999,4.4543472959999999,8.197935137,4.7267566079999996,0.0085629130000004494,729738
"2013-2","2013M02",4.478472532942134,0.068815583,4.4258042570000002,8.2039170339999998,4.7575049319999998,0.0059818969999998473,661266
"2013-3","2013M03",4.5819015590487373,0.069035393,4.4184790969999996,8.2086061239999992,4.6935472970000003,0.0046890899999993962,514925
"2013-4","2013M04",4.623010104116422,0.070075577,4.4224485490000003,8.2140915119999995,4.6335190769999999,0.005485388000000313,438293
"2013-5","2013M05",4.6539603501575231,0.071610261999999994,4.434737674,8.217783957,4.6349906680000004,0.0036924450000004327,235540
"2013-6","2013M06",4.622027303054514,0.076034567999999997,4.5018076730000001,8.2203815710000008,4.6357963800000004,0.002597614000000803,209439
"2013-7","2013M07",4.6821312271242199,0.079049412999999999,4.5374265339999997,8.2206802410000002,4.6794989410000003,0.00029866999999939026,135255
"2013-8","2013M08",4.7184988712950942,0.081075742000000006,4.585579536,8.2230771320000002,4.7092148360000001,0.0023968910000000676,282940
"2013-9","2013M09",4.6756286496366526,0.085259854999999996,4.551663918,8.2265707999999993,4.7151130439999998,0.0034936679999990616,318280
"2013-10","2013M10",4.7238417157055901,0.088445781000000001,4.5160110500000004,8.2322540199999992,4.6957339410000003,0.0056832199999998778,160673
"2013-11","2013M11",4.664382045619937,0.090295828999999994,4.5508195909999998,8.2376406509999995,4.682840852,0.0053866310000003637,99729
"2013-12","2013M12",4.5009201646142918,0.094397237999999994,4.5629931069999996,8.2467981669999997,4.7062241690000004,0.0091575160000001432,-1182740
"2014-1","2014M01",4.5282891416521336,0.096877657000000006,4.56017282,8.2522818860000005,4.67814584,0.0054837190000007752,664124
"2014-2","2014M02",4.5250441415088067,0.099167179999999994,4.5509251710000003,8.2591579429999999,4.6896216219999998,0.0068760569999994914,811442
"2014-3","2014M03",4.577798989191959,0.101203036,4.5183042530000002,8.2683163610000001,4.6766133859999997,0.009158418000000168,189474
"2014-4","2014M04",4.5643481914678361,0.10323207199999999,4.4731234049999999,8.2749942339999993,4.6809773630000002,0.0066778729999992237,270934
"2014-5","2014M05",4.622027303054514,0.10345752,4.4647580319999998,8.2795830010000007,4.6975297359999999,0.0045887670000013259,179125
"2014-6","2014M06",4.5528237056158822,0.10345752,4.4664826660000001,8.2835749720000003,4.717324713,0.0039919709999995945,55660
"2014-7","2014M07",4.6482296754485386,0.10345752,4.4715245010000002,8.2836760199999997,4.6726703499999998,0.00010104799999943737,103498
"2014-8","2014M08",4.6662652853479019,0.10347047500000001,4.4860487549999997,8.2861737059999996,4.6242115530000003,0.0024976859999998879,214871
"2014-9","2014M09",4.6596583712721609,0.10345752,4.4952437070000002,8.2918572390000005,4.5781726459999996,0.0056835330000009066,227767
"2014-10","2014M10",4.694096395182493,0.103653341,4.5312006660000002,8.2960476429999996,4.4690017790000001,0.0041904039999991483,-8917
"2014-11","2014M11",4.6031681833174183,0.105709465,4.5535610520000001,8.3011344830000002,4.3623085039999996,0.005086840000000592,-11815
"2014-12","2014M12",4.4739218993781371,0.109586084,4.5709927339999998,8.3089037690000005,4.1297606670000002,0.0077692860000002639,-1388740
"2015-1","2015M01",4.478472532942134,0.111687677,4.5361415999999997,8.3212269679999995,3.8798472359999998,0.012323198999999008,452981
"2015-2","2015M02",4.4272389774954295,0.114666668,4.5927939149999997,8.3333520809999992,4.0592440160000001,0.012125112999999743,426627
"2015-3","2015M03",4.5464811896394117,0.118508344,4.672454933,8.3464665530000008,4.0216190840000001,0.013114472000001598,244537
"2015-4","2015M04",4.4863866499981242,0.119358617,4.641405679,8.3535418559999997,4.0841182079999996,0.0070753029999988115,8424
"2015-5","2015M05",4.5336741842830213,0.123542952,4.6456401190000003,8.3609135800000001,4.167617152,0.0073717240000004125,-60370
"2015-6","2015M06",4.5272086445183799,0.12732322500000001,4.6546267950000004,8.3687836660000006,4.1326980579999999,0.007870086000000498,-63193
"2015-7","2015M07",4.5591262474866845,0.128335017,4.6850898089999999,8.3749635070000004,4.0229497399999996,0.0061798409999997972,-157589
"2015-8","2015M08",4.580877493419047,0.13234336199999999,4.76037745,8.3771607120000002,3.850026014,0.0021972049999998688,1788
"2015-9","2015M09",4.5464811896394117,0.13234336199999999,4.8624445959999996,8.3825457480000001,3.8551255200000001,0.0053850359999998432,-109167
"2015-10","2015M10",4.5767707114663931,0.13234336199999999,4.8478810430000001,8.3907111790000002,3.8737829019999999,0.0081654310000001118,-156225
"2015-11","2015M11",4.4727809979423458,0.13234336199999999,4.8037751130000004,8.400760494,3.7936254950000001,0.010049314999999837,-193326
"2015-12","2015M12",4.3463994570307305,0.13234336199999999,4.804840381,8.4103137449999998,3.630236563,0.0095532509999998183,-1314180
"2016-1","2016M01",4.334672938290411,0.13234336199999999,4.8092532349999999,8.4229330600000001,3.4276229090000001,0.012619315000000242,331284
"2016-2","2016M02",4.3280982926483258,0.13234336199999999,4.789739215,8.4318923510000001,3.502492502,0.0089592910000000359,326244
"2016-3","2016M03",4.4260435200906558,0.13234336199999999,4.7242856670000002,8.4361826820000001,3.665399421,0.0042903309999999806,73292
"2016-4","2016M04",4.4176350621412492,0.13234336199999999,4.7008439360000001,8.442264883,3.7435479979999999,0.0060822009999998983,16439
"2016-5","2016M05",4.4566701776696478,0.13234336199999999,4.6883157669999997,8.4500336380000007,3.852967606,0.0077687550000007377,-18643
"2016-6","2016M06",4.4704952826614894,0.13234336199999999,4.6528168389999998,8.4535268230000007,3.881113837,0.0034931849999999542,-76560
"2016-7","2016M07",4.4942386252808095,0.13234336199999999,4.6006600310000003,8.4587141409999997,3.8082379679999998,0.0051873179999990526,-89757
"2016-8","2016M08",4.5304466397921548,0.13234336199999999,4.5867006699999999,8.463104414,3.8317744789999999,0.0043902730000002776,26942
"2016-9","2016M09",4.499809670330265,0.13234336199999999,4.5961294410000004,8.4639042230000001,3.8327338019999999,0.00079980900000009569,-88300
"2016-10","2016M10",4.5020294270685781,0.13146585199999999,4.5638272219999996,8.4665018209999996,3.9066562490000001,0.0025975979999994792,-157666
"2016-11","2016M11",4.4601444139378339,0.13014958500000001,4.5935023810000004,8.4683012219999991,3.838073063,0.0017994009999995342,-223841
"2016-12","2016M12",4.3463994570307305,0.12795327000000001,4.5803650669999998,8.4712958389999997,3.9902122480000002,0.0029946170000005878,-1464155
"2017-1","2017M01",4.3554259528767023,0.123739395,4.5334593380000001,8.4750891250000002,4.0053808670000004,0.0037932860000005064,673330
"2017-2","2017M02",4.3294166844015844,0.120590933,4.5163389719999998,8.4783837539999993,4.0162658970000003,0.0032946289999991052,534604
"2017-3","2017M03",4.4473461007945243,0.114666668,4.5230920750000001,8.4808797679999994,3.9506331640000001,0.0024960140000001019,244280
"2017-4","2017M04",4.3732381286408026,0.109690444,4.5353912909999998,8.4822787129999995,3.9714893099999999,0.0013989450000000403,192564
"2017-5","2017M05",4.5009201646142918,0.105709465,4.5605911429999999,8.4853742969999999,3.9292904530000001,0.0030955840000004287,121922
"2017-6","2017M06",4.4818719696435982,0.096673854000000004,4.5974403879999999,8.4830716160000001,3.847901367,-0.0023026809999997511,31026
"2017-7","2017M07",4.5228749432612609,0.095370770999999993,4.5793394259999998,8.4854692669999991,3.8854736700000001,0.0023976509999990014,26401
"2017-8","2017M08",4.5716134024592483,0.087552269000000002,4.5784154490000004,8.4873667729999998,3.9390458810000002,0.0018975060000006039,175450
"2017-9","2017M09",4.5325994931532563,0.080190244999999993,4.5799549370000001,8.4889644840000003,4.0102898490000003,0.0015977110000005013,59306
"2017-10","2017M10",4.5549289695513444,0.077023892999999996,4.5840486890000003,8.4931566140000001,4.0538302860000002,0.0041921299999998496,98142
"2017-11","2017M11",4.5064542130489338,0.071389046999999997,4.6038693400000001,8.4959532119999999,4.1363731010000002,0.0027965979999997614,-21365
"2017-12","2017M12",4.3944491546724391,0.067656437999999999,4.6150215020000003,8.5003440379999997,4.1621886259999998,0.0043908259999998478,-1133744
"2018-1","2018M01",4.4103711076830239,0.066723286000000007,4.5999566190000003,8.5032403009999999,4.2339111479999998,0.0028962630000002321,537302
"2018-2","2018M02",4.3476939555933765,0.065032945999999994,4.6238938000000003,8.5064355349999996,4.180858593,0.0031952339999996582,512992
"2018-3","2018M03",4.4566701776696478,0.063711942999999993,4.6305454920000004,8.5073347560000006,4.196381379,0.00089922100000094929,246860
"2018-4","2018M04",4.4601444139378339,0.062034763999999999,4.6703959709999996,8.5095319190000005,4.2714807400000003,0.0021971629999999465,238188
"2018-5","2018M05",4.4355674016019115,0.062034763999999999,4.7004803659999999,8.5135244700000001,4.339209898,0.0039925509999996223,81921
"2018-6","2018M06",4.5119578042659123,0.062034763999999999,4.70808772,8.5260458900000007,4.3200372429999998,0.01252142000000056,26664
"2018-7","2018M07",4.5622626849768144,0.062034763999999999,4.7170692780000003,8.5293411060000004,4.3099629000000004,0.0032952159999997122,55985
"2018-8","2018M08",4.5870062153604199,0.062034763999999999,4.7346182529999998,8.5284416889999992,4.292220843,-0.00089941700000117919,258493
"2018-9","2018M09",4.5075573571210912,0.062034763999999999,4.7563450139999999,8.5332299129999996,4.367674128,0.0047882240000003407,135631
"2018-10","2018M10",4.5622626849768144,0.062034763999999999,4.6664534140000002,8.5377190869999993,4.3878898470000003,0.0044891739999997071,52845
"2018-11","2018M11",4.4942386252808095,0.062034763999999999,4.6702085819999999,8.5356164359999998,4.1770550369999997,-0.0021026509999995113,19687
"2018-12","2018M12",4.3567088266895917,0.062034763999999999,4.6955591859999997,8.5371154189999992,4.033599894,0.0014989829999993987,-1152825