Conexao;Conexao;Conexao;Conexao;Conexao;Conexao;;PIB;PIB;PIB;PIB;PIB;PIB;PIB;;Populacao;Populacao;Populacao;Populacao;Populacao;Populacao;Populacao;;Pib per capta;Pib per capta;Pib per capta;Pib per capta;Pib per capta;Pib per capta;Pib per capta
region;rank;A_test;AB_test;A_test_Logical;AB_test_Logical;;region;rank;A_test;AB_test;A_test_Logical;AB_test_Logical;Zero_Rank;;region;rank;A_test;AB_test;A_test_Logical;AB_test_Logical;Zero_Rank;;region;rank;A_test;AB_test;A_test_Logical;AB_test_Logical;Zero_Rank
1;2;0.034;0.398;1;1;;1;2;0.0282;0.0656;1;1;0;;1;2;0.0457;0.0765;1;1;0;;1;2;0.1163;0.1185;1;1;0
2;2;0.034;0.313;1;1;;2;2;0.0173;0.2371;1;1;0;;2;2;0.0241;0.3721;1;1;0;;2;2;0.0215;0.8615;1;1;0
3;2;0.001;0.255;0;1;;3;2;0.0145;0.3438;1;1;0;;3;2;0.0113;0.3568;1;1;0;;3;2;0.0015;0.231;0;1;0
4;2;0.009;0.433;0;1;;4;2;0.0478;0.7037;1;1;0;;4;2;0.0329;0.712;1;1;0;;4;2;0.0454;0.5057;1;1;0
5;2;0.001;0.291;0;1;;5;2;0.0011;0.3215;0;1;0;;5;2;9.00E-04;0.2931;0;1;0;;5;2;2.00E-04;0.276;0;1;0
6;2;0.001;0.145;0;1;;6;2;0.0522;0.4549;1;1;0;;6;2;0.051;0.365;1;1;0;;6;2;0.0032;0.2048;0;1;0
7;2;0.001;0.454;0;1;;7;2;0.0044;0.4754;0;1;0;;7;2;0.0038;0.5786;0;1;0;;7;2;8.00E-04;0.7145;0;1;0
8;2;0.043;0.462;1;1;;8;2;0.2364;0.6419;1;1;0;;8;2;0.1878;0.6524;1;1;0;;8;2;0.046;0.6572;1;1;0
9;2;0;0.009;0;0;;9;2;0;0.1118;0;1;0;;9;2;0;0.1312;0;1;0;;9;2;1.00E-04;0.0947;0;1;0
10;2;0.003;0.039;0;1;;10;1;0.0152;NA;1;NA;0;;10;1;0.0157;NA;1;NA;0;;10;2;0.0188;0.1038;1;1;0
11;2;0.008;0.008;0;0;;11;1;0.0202;NA;1;NA;0;;11;1;0.0269;NA;1;NA;0;;11;1;0.0433;NA;1;NA;0
12;2;0.007;0.036;0;1;;12;2;9.00E-04;0.0956;0;1;0;;12;2;0.0018;0.0749;0;1;0;;12;2;0.0043;0.0463;0;1;0
13;1;0.007;NA;0;NA;;13;NA;NA;NA;NA;NA;0;;13;NA;NA;NA;NA;NA;1;;13;1;0.0476;NA;1;NA;1
14;2;0;0.551;0;1;;14;NA;NA;NA;NA;NA;0;;14;2;0;0.3247;0;1;0;;14;1;0;NA;0;NA;0
15;2;0;0.791;0;1;;15;NA;NA;NA;NA;NA;0;;15;2;0;0.6679;0;1;0;;15;2;0;0.5114;0;1;0
16;2;0;0.001;0;0;;16;2;0;0.0011;0;0;0;;16;2;0;0.001;0;0;0;;16;2;0;9.00E-04;0;0;0
17;NA;NA;NA;NA;NA;;17;NA;NA;NA;NA;NA;0;;17;NA;NA;NA;NA;NA;0;;17;1;0.0469;NA;1;NA;0
18;2;0;0.71;0;1;;18;NA;NA;NA;NA;NA;0;;18;NA;NA;NA;NA;NA;0;;18;2;0.0047;0.2855;0;1;0
19;NA;NA;NA;NA;NA;;19;NA;NA;NA;NA;NA;0;;19;NA;NA;NA;NA;NA;0;;19;NA;NA;NA;NA;NA;0
20;NA;NA;NA;NA;NA;;20;NA;NA;NA;NA;NA;0;;20;NA;NA;NA;NA;NA;0;;20;NA;NA;NA;NA;NA;0
21;1;0.203;NA;1;NA;;21;NA;NA;NA;NA;NA;0;;21;NA;NA;NA;NA;NA;0;;21;1;0.232;NA;1;NA;0
22;2;0;0;0;0;;22;2;0;0;0;0;0;;22;2;0;0;0;0;0;;22;2;2.00E-04;1.00E-04;0;0;0
23;2;0.001;0;0;0;;23;NA;NA;NA;NA;NA;0;;23;NA;NA;NA;NA;NA;0;;23;2;2.00E-04;0;0;0;0
24;2;0;0.005;0;0;;24;NA;NA;NA;NA;NA;0;;24;2;0;8.00E-04;0;0;0;;24;2;0;0.0047;0;0;0
25;NA;NA;NA;NA;NA;;25;NA;NA;NA;NA;NA;0;;25;NA;NA;NA;NA;NA;0;;25;NA;NA;NA;NA;NA;0
26;1;0;NA;0;NA;;26;1;1.00E-04;NA;0;NA;0;;26;1;1.00E-04;NA;0;NA;0;;26;1;1.00E-04;NA;0;NA;0
27;2;0.106;0.164;1;1;;27;2;0.0304;0.1462;1;1;0;;27;2;0.0309;0.172;1;1;0;;27;2;0.0971;0.0289;1;1;0
28;1;0;NA;0;NA;;28;2;0;0;0;0;0;;28;2;0;2.00E-04;0;0;0;;28;1;0;NA;0;NA;0
29;2;0.006;0.001;0;0;;29;2;0.0015;0.0114;0;1;0;;29;2;0.0059;0.0106;0;1;0;;29;2;0.123;0.0978;1;1;0
30;1;0.12;NA;1;NA;;30;1;0.8293;NA;1;NA;0;;30;1;0.8795;NA;1;NA;0;;30;1;0.5491;NA;1;NA;0
31;1;0.001;NA;0;NA;;31;1;1.00E-04;NA;0;NA;0;;31;1;0.0012;NA;0;NA;0;;31;1;0;NA;0;NA;0
32;1;0;NA;0;NA;;32;1;0.002;NA;0;NA;0;;32;1;9.00E-04;NA;0;NA;0;;32;1;0;NA;0;NA;0
33;2;0;0.017;0;1;;33;2;0;0.0062;0;0;0;;33;2;0;0.0156;0;1;0;;33;2;0;0.134;0;1;0
34;1;0.185;NA;1;NA;;34;1;0.5681;NA;1;NA;0;;34;1;0.5067;NA;1;NA;0;;34;1;0.7188;NA;1;NA;0
35;2;0;0;0;0;;35;1;0.0141;NA;1;NA;0;;35;1;0.0126;NA;1;NA;0;;35;1;0.0343;NA;1;NA;0
36;1;0;NA;0;NA;;36;1;0.0125;NA;1;NA;0;;36;1;0.0099;NA;0;NA;0;;36;1;0;NA;0;NA;0
37;1;0.003;NA;0;NA;;37;2;7.00E-04;0.3251;0;1;0;;37;2;8.00E-04;0.6545;0;1;0;;37;2;8.00E-04;0.2898;0;1;0
38;2;0;0.012;0;1;;38;1;0.1294;NA;1;NA;0;;38;1;0.1888;NA;1;NA;0;;38;2;0;1.00E-04;0;0;0
39;2;0.009;0.18;0;1;;39;2;0.007;0.1776;0;1;0;;39;2;0.0115;0.1726;1;1;0;;39;2;0.0205;0.152;1;1;0
40;2;0;0.002;0;0;;40;1;0.0895;NA;1;NA;0;;40;1;0.0802;NA;1;NA;0;;40;1;0.0867;NA;1;NA;0
41;1;0.377;NA;1;NA;;41;2;4.00E-04;0.0653;0;1;0;;41;2;4.00E-04;0.0278;0;1;0;;41;2;2.00E-04;0.0116;0;1;0
42;2;0;0.205;0;1;;42;2;1.00E-04;0.5728;0;1;0;;42;2;9.00E-04;0.6668;0;1;0;;42;2;0;0.2676;0;1;0
43;1;0.002;NA;0;NA;;43;1;0.0018;NA;0;NA;0;;43;1;0.0039;NA;0;NA;0;;43;NA;NA;NA;NA;NA;0
44;2;0;0;0;0;;44;2;5.00E-04;0.003;0;0;0;;44;1;0.0064;NA;0;NA;0;;44;1;0.093;NA;1;NA;0
45;2;0;0.018;0;1;;45;2;0.1034;0.1898;1;1;0;;45;2;0.0949;0.3216;1;1;0;;45;2;0.0019;0.5596;0;1;0
46;1;0;NA;0;NA;;46;2;0.0144;0.3774;1;1;0;;46;2;0.0114;0.3714;1;1;0;;46;1;0.1405;NA;1;NA;0
47;2;0;0.006;0;0;;47;2;1.00E-04;0.0606;0;1;0;;47;2;1.00E-04;0.0147;0;1;0;;47;1;0.4275;NA;1;NA;0
48;2;0;0.021;0;1;;48;2;5.00E-04;0.2251;0;1;0;;48;2;0.001;0.1632;0;1;0;;48;2;1.00E-04;0.1875;0;1;0
49;1;0.043;NA;1;NA;;49;1;0.003;NA;0;NA;0;;49;1;0.0014;NA;0;NA;0;;49;1;0.0029;NA;0;NA;0
50;1;0.147;NA;1;NA;;50;2;0.0153;0.0234;1;1;0;;50;2;0.0158;0.052;1;1;0;;50;2;0.0017;0.0557;0;1;0
51;1;0;NA;0;NA;;51;NA;NA;NA;NA;NA;0;;51;2;0;0.0923;0;1;0;;51;1;0;NA;0;NA;0
52;2;0;0.149;0;1;;52;NA;NA;NA;NA;NA;0;;52;NA;NA;NA;NA;NA;1;;52;1;0.094;NA;1;NA;0
53;2;0.076;0.324;1;1;;53;2;0.0438;0.0207;1;1;0;;53;2;0.0536;0.0247;1;1;0;;53;2;0.0531;0.0433;1;1;0
54;2;0.129;0.994;1;1;;54;2;0.0041;0.1491;0;1;0;;54;2;0.0041;0.1398;0;1;0;;54;2;0.0252;0.3565;1;1;0
55;2;0.019;0.338;1;1;;55;2;0.012;0.4592;1;1;0;;55;2;0.0121;0.4589;1;1;0;;55;2;0.0148;0.4509;1;1;0
56;2;0.1;0.108;1;1;;56;2;0.0165;0.6993;1;1;0;;56;1;0.8538;NA;1;NA;0;;56;1;0.5363;NA;1;NA;0
57;1;0.023;NA;1;NA;;57;1;0.0091;NA;0;NA;0;;57;1;0.0176;NA;1;NA;0;;57;1;0.2583;NA;1;NA;0
58;1;0.003;NA;0;NA;;58;1;0.0202;NA;1;NA;0;;58;1;0.0213;NA;1;NA;0;;58;1;0.0056;NA;0;NA;0
59;NA;NA;NA;NA;NA;;59;1;0.5165;NA;1;NA;0;;59;1;0.6259;NA;1;NA;0;;59;1;0.3202;NA;1;NA;0
60;1;0.76;NA;1;NA;;60;2;7.00E-04;0.6718;0;1;0;;60;2;0.002;0.695;0;1;0;;60;2;0.0163;0.4072;1;1;0
61;2;0;0.365;0;1;;61;1;0.1969;NA;1;NA;0;;61;1;0.1453;NA;1;NA;0;;61;2;0.0013;0.6258;0;1;0
62;1;0.004;NA;0;NA;;62;1;0.0039;NA;0;NA;0;;62;1;0.0023;NA;0;NA;0;;62;1;0.0641;NA;1;NA;0
63;1;0.011;NA;1;NA;;63;NA;NA;NA;NA;NA;0;;63;NA;NA;NA;NA;NA;0;;63;NA;NA;NA;NA;NA;0
64;1;0.655;NA;1;NA;;64;1;0.2698;NA;1;NA;0;;64;1;0.2413;NA;1;NA;0;;64;1;0.4696;NA;1;NA;0
65;2;0.079;0.137;1;1;;65;1;0.0075;NA;0;NA;0;;65;1;0.0054;NA;0;NA;0;;65;1;0.1279;NA;1;NA;0
66;1;0.003;NA;0;NA;;66;2;0.0097;0.0183;0;1;0;;66;2;0.0289;0.013;1;1;0;;66;2;0.0168;0.0063;1;0;0
67;1;0.722;NA;1;NA;;67;2;0.2123;4.00E-04;1;0;0;;67;2;0.1246;9.00E-04;1;0;0;;67;2;0.0959;0.0016;1;0;0
68;1;0.367;NA;1;NA;;68;1;0.4428;NA;1;NA;0;;68;1;0.3932;NA;1;NA;0;;68;1;0.4661;NA;1;NA;0
69;1;0.076;NA;1;NA;;69;1;6.00E-04;NA;0;NA;0;;69;1;0.0038;NA;0;NA;0;;69;1;0.568;NA;1;NA;0
70;2;0.006;0.247;0;1;;70;2;0.0148;0.0628;1;1;0;;70;2;0.0542;0.0638;1;1;0;;70;2;0.0035;0.2387;0;1;0
71;1;0.091;NA;1;NA;;71;1;9.00E-04;NA;0;NA;0;;71;1;0.001;NA;0;NA;0;;71;1;0.001;NA;0;NA;0
72;2;0;0.322;0;1;;72;1;0.1169;NA;1;NA;0;;72;1;0.0493;NA;1;NA;0;;72;1;0.0015;NA;0;NA;0
73;1;0.361;NA;1;NA;;73;1;0.2309;NA;1;NA;0;;73;1;0.2854;NA;1;NA;0;;73;1;0.6038;NA;1;NA;0
74;NA;NA;NA;NA;NA;;74;1;0.1135;NA;1;NA;0;;74;1;0.1726;NA;1;NA;0;;74;1;0.0108;NA;1;NA;0
75;1;0.055;NA;1;NA;;75;1;0.1427;NA;1;NA;0;;75;1;0.1056;NA;1;NA;0;;75;2;1.00E-04;0.005;0;0;0
76;2;0.004;0.116;0;1;;76;2;0.0058;0.0144;0;1;0;;76;2;0.0054;0.0278;0;1;0;;76;2;0.018;0.0329;1;1;0
77;NA;NA;NA;NA;NA;;77;NA;NA;NA;NA;NA;0;;77;1;0.4749;NA;1;NA;0;;77;1;0.465;NA;1;NA;0
78;1;0.849;NA;1;NA;;78;1;0.8015;NA;1;NA;0;;78;1;0.6634;NA;1;NA;0;;78;2;0;0.0152;0;1;0
79;2;0.004;0;0;0;;79;2;0.0061;1.00E-04;0;0;0;;79;2;0.0047;0;0;0;0;;79;2;0.0064;0.0011;0;0;0
80;2;0.386;0.77;1;1;;80;2;0.4892;0.3133;1;1;0;;80;2;0.3759;0.2655;1;1;0;;80;2;0.0094;0.6102;0;1;0
81;NA;NA;NA;NA;NA;;81;NA;NA;NA;NA;NA;0;;81;NA;NA;NA;NA;NA;0;;81;NA;NA;NA;NA;NA;0
82;2;0.442;0.926;1;1;;82;1;0.2717;NA;1;NA;0;;82;1;0.3878;NA;1;NA;0;;82;2;0.0807;0.3885;1;1;0
83;1;0.001;NA;0;NA;;83;1;0.0428;NA;1;NA;0;;83;1;0.0044;NA;0;NA;0;;83;1;7.00E-04;NA;0;NA;0
84;2;0;0.055;0;1;;84;2;3.00E-04;0.206;0;1;0;;84;2;2.00E-04;0.2063;0;1;0;;84;2;1.00E-04;0.2086;0;1;0
85;2;0.009;0.01;0;0;;85;2;0.0154;0.0416;1;1;0;;85;2;0.0141;0.0114;1;1;0;;85;2;0.025;7.00E-04;1;0;0
86;1;0.015;NA;1;NA;;86;1;0.0099;NA;0;NA;0;;86;1;0.0107;NA;1;NA;0;;86;1;0.0134;NA;1;NA;0
87;1;0;NA;0;NA;;87;1;9.00E-04;NA;0;NA;0;;87;1;6.00E-04;NA;0;NA;0;;87;1;0.001;NA;0;NA;0
88;2;0;0;0;0;;88;1;0.431;NA;1;NA;0;;88;2;0.0038;0.2161;0;1;0;;88;2;1.00E-04;0.0215;0;1;0
89;2;0;0.079;0;1;;89;1;0.2319;NA;1;NA;0;;89;2;1.00E-04;0.1901;0;1;0;;89;1;0.2589;NA;1;NA;0
90;2;0.008;0.157;0;1;;90;2;0.1811;0.3273;1;1;0;;90;2;6.00E-04;0.3106;0;1;0;;90;2;0;0.5131;0;1;0
91;1;0.094;NA;1;NA;;91;NA;NA;NA;NA;NA;0;;91;1;0.7572;NA;1;NA;0;;91;1;0.6489;NA;1;NA;0
92;2;0;0.001;0;0;;92;2;0.0232;0.6363;1;1;0;;92;2;0.042;0.7479;1;1;0;;92;2;0.0372;0.7846;1;1;0
93;2;0.064;0.001;1;0;;93;2;0.0044;0.0723;0;1;0;;93;2;0.01;0.0964;1;1;0;;93;2;0.0048;0.0616;0;1;0
94;2;0.001;0.017;0;1;;94;1;0.0017;NA;0;NA;0;;94;1;2.00E-04;NA;0;NA;0;;94;1;0;NA;0;NA;0
95;NA;NA;NA;NA;NA;;95;1;0.0015;NA;0;NA;0;;95;2;1.00E-04;4.00E-04;0;0;0;;95;2;0;0.0012;0;0;0
96;2;0;0.362;0;1;;96;2;0.3053;0.8599;1;1;0;;96;2;0.0268;0.7694;1;1;0;;96;2;2.00E-04;0.3273;0;1;0
97;2;0;0.209;0;1;;97;2;2.00E-04;0.2876;0;1;0;;97;2;0;0.2737;0;1;0;;97;2;0;0.0979;0;1;0
98;2;0.003;0.005;0;0;;98;2;0.0024;0.085;0;1;0;;98;2;0.0041;0.1014;0;1;0;;98;2;0.006;0.1432;0;1;0
99;2;0.002;0.981;0;1;;99;NA;NA;NA;NA;NA;0;;99;1;0.5084;NA;1;NA;0;;99;1;0.1781;NA;1;NA;0
100;2;0.018;0.101;1;1;;100;2;1.00E-04;0.163;0;1;0;;100;2;9.00E-04;0.2481;0;1;0;;100;2;0;0.0568;0;1;0
101;1;0.005;NA;0;NA;;101;1;0.1277;NA;1;NA;0;;101;1;0.0468;NA;1;NA;0;;101;1;0.0489;NA;1;NA;0
102;1;0;NA;0;NA;;102;1;0.052;NA;1;NA;0;;102;1;0.0664;NA;1;NA;0;;102;2;0;8.00E-04;0;0;0
103;1;0;NA;0;NA;;103;1;0.0034;NA;0;NA;0;;103;1;0.0014;NA;0;NA;0;;103;1;2.00E-04;NA;0;NA;0
104;2;0.586;0.002;1;0;;104;2;0.0391;0.0209;1;1;0;;104;2;0.075;0.0529;1;1;0;;104;2;0.213;0.212;1;1;0
105;2;0.189;0.006;1;0;;105;2;0.5887;0.0028;1;0;0;;105;2;0.5338;0.002;1;0;0;;105;2;0.3614;0.0012;1;0;0
106;2;0;0.305;0;1;;106;2;0.01;2.00E-04;1;0;0;;106;2;0.0214;0.0288;1;1;0;;106;2;1.00E-04;0.4644;0;1;0
107;2;0.001;0.006;0;0;;107;2;5.00E-04;0.0012;0;0;0;;107;2;5.00E-04;0.0014;0;0;0;;107;2;8.00E-04;0.0028;0;0;0
108;1;0.199;NA;1;NA;;108;1;0.4797;NA;1;NA;0;;108;1;0.4834;NA;1;NA;0;;108;1;0.4284;NA;1;NA;0
109;1;0.137;NA;1;NA;;109;2;0.0017;0.0279;0;1;0;;109;2;2.00E-04;0.0069;0;0;0;;109;2;0;0.0031;0;0;0
110;2;0.003;0.74;0;1;;110;1;0.5592;NA;1;NA;0;;110;1;0.4877;NA;1;NA;0;;110;2;0.0157;0.5653;1;1;0
111;2;0;0.128;0;1;;111;1;0.6584;NA;1;NA;0;;111;2;0.2118;0.188;1;1;0;;111;2;1.00E-04;0.1533;0;1;0
112;2;0.011;0.138;1;1;;112;1;0.2182;NA;1;NA;0;;112;1;0.4114;NA;1;NA;0;;112;2;0.0739;0.6561;1;1;0
113;1;0.8;NA;1;NA;;113;1;0.3163;NA;1;NA;0;;113;1;0.3418;NA;1;NA;0;;113;1;0.4201;NA;1;NA;0
114;NA;NA;NA;NA;NA;;114;NA;NA;NA;NA;NA;0;;114;NA;NA;NA;NA;NA;1;;114;1;0.2467;NA;1;NA;1
115;NA;NA;NA;NA;NA;;115;NA;NA;NA;NA;NA;0;;115;NA;NA;NA;NA;NA;1;;115;1;0.5704;NA;1;NA;1
116;2;0.048;0.005;1;0;;116;2;4.00E-04;5.00E-04;0;0;0;;116;2;0.001;0.002;0;0;0;;116;2;0.0027;0.0155;0;1;0
117;NA;NA;NA;NA;NA;;117;1;0.4554;NA;1;NA;1;;117;NA;NA;NA;NA;NA;1;;117;1;0.6889;NA;1;NA;1
118;1;0.317;NA;1;NA;;118;1;0.287;NA;1;NA;1;;118;NA;NA;NA;NA;NA;1;;118;1;0.4132;NA;1;NA;1
119;1;0.373;NA;1;NA;;119;1;0.1676;NA;1;NA;0;;119;1;0.1247;NA;1;NA;0;;119;1;0.1703;NA;1;NA;0
120;1;0;NA;0;NA;;120;1;0.0014;NA;0;NA;0;;120;1;0.0021;NA;0;NA;0;;120;1;0.0013;NA;0;NA;1
121;1;0.38;NA;1;NA;;121;1;0.2147;NA;1;NA;0;;121;1;0.157;NA;1;NA;0;;121;1;0.0724;NA;1;NA;0
122;1;0.926;NA;1;NA;;122;1;0.6916;NA;1;NA;0;;122;1;0.6953;NA;1;NA;0;;122;1;0.8269;NA;1;NA;0
123;1;0.108;NA;1;NA;;123;1;0.1075;NA;1;NA;0;;123;1;0.1075;NA;1;NA;0;;123;1;0.1075;NA;1;NA;0
124;2;0.007;0.001;0;0;;124;1;0.0579;NA;1;NA;0;;124;1;0.0542;NA;1;NA;0;;124;1;0.0067;NA;0;NA;0
125;2;0.034;0.001;1;0;;125;2;0.0825;0.0073;1;0;0;;125;2;0.0887;0.0066;1;0;0;;125;2;0.1056;0.0026;1;0;0
126;1;0.088;NA;1;NA;;126;1;5.00E-04;NA;0;NA;0;;126;1;0.0011;NA;0;NA;0;;126;1;0.0291;NA;1;NA;1
127;1;0.013;NA;1;NA;;127;1;0.2804;NA;1;NA;0;;127;1;0.1953;NA;1;NA;0;;127;1;0.1192;NA;1;NA;0
128;1;0.712;NA;1;NA;;128;1;0.3376;NA;1;NA;0;;128;1;0.3688;NA;1;NA;0;;128;1;0.576;NA;1;NA;0
129;2;0.008;0.014;0;1;;129;2;6.00E-04;1.00E-04;0;0;0;;129;2;8.00E-04;1.00E-04;0;0;0;;129;2;0.0052;0.001;0;0;0
130;1;0.458;NA;1;NA;;130;1;0.0798;NA;1;NA;0;;130;1;0.0761;NA;1;NA;0;;130;1;0.1091;NA;1;NA;0
131;1;0.306;NA;1;NA;;131;2;0.024;0.0024;1;0;0;;131;1;0.2343;NA;1;NA;0;;131;1;0.6403;NA;1;NA;0
132;2;0.087;0.025;1;1;;132;2;0.3058;0.0145;1;1;0;;132;2;0.3475;0.0179;1;1;0;;132;2;0.5903;0.0507;1;1;0
133;1;0.752;NA;1;NA;;133;1;0.9598;NA;1;NA;0;;133;1;0.724;NA;1;NA;0;;133;2;0.006;0.002;0;0;0
134;1;0.482;NA;1;NA;;134;1;0.4822;NA;1;NA;0;;134;1;0.4822;NA;1;NA;0;;134;1;0.4822;NA;1;NA;0
135;1;0.019;NA;1;NA;;135;1;0.0019;NA;0;NA;0;;135;1;0.0026;NA;0;NA;0;;135;1;0.0526;NA;1;NA;0
136;2;0.008;0.16;0;1;;136;2;0;2.00E-04;0;0;0;;136;2;0;2.00E-04;0;0;0;;136;1;0.4445;NA;1;NA;0
137;1;0.005;NA;0;NA;;137;1;4.00E-04;NA;0;NA;0;;137;1;8.00E-04;NA;0;NA;0;;137;1;0.0025;NA;0;NA;0
138;2;0.001;0.043;0;1;;138;2;0.0163;5.00E-04;1;0;0;;138;2;0.017;6.00E-04;1;0;0;;138;2;3.00E-04;5.00E-04;0;0;0
139;2;0;0.001;0;0;;139;1;0.2102;NA;1;NA;0;;139;1;0.2642;NA;1;NA;0;;139;1;0.3063;NA;1;NA;0
140;1;0.541;NA;1;NA;;140;2;0.0041;0;0;0;0;;140;2;0.003;0;0;0;0;;140;2;3.00E-04;0.0013;0;0;0
141;2;0.381;0.605;1;1;;141;2;0.4425;0.1962;1;1;0;;141;2;0.4502;0.204;1;1;0;;141;2;0.4871;0.334;1;1;0
142;1;0;NA;0;NA;;142;1;0.9367;NA;1;NA;0;;142;1;0.9969;NA;1;NA;0;;142;1;0.9587;NA;1;NA;0
143;1;0;NA;0;NA;;143;1;0.0199;NA;1;NA;1;;143;NA;NA;NA;NA;NA;1;;143;1;0.0147;NA;1;NA;1
144;NA;NA;NA;NA;NA;;144;1;0.1959;NA;1;NA;0;;144;1;0.2036;NA;1;NA;0;;144;1;0.4661;NA;1;NA;0
145;2;0.033;0.258;1;1;;145;2;0.7912;0.053;1;1;0;;145;2;0.8455;0.0594;1;1;0;;145;2;0.8367;0.0653;1;1;0
146;2;0.002;0.203;0;1;;146;2;9.00E-04;0.0019;0;0;0;;146;2;6.00E-04;0.0123;0;1;0;;146;1;0.5287;NA;1;NA;0
147;2;0.002;0.013;0;1;;147;2;8.00E-04;0.0146;0;1;0;;147;2;9.00E-04;0.0138;0;1;0;;147;1;0.026;NA;1;NA;0
148;2;0;0.187;0;1;;148;1;0.015;NA;1;NA;0;;148;1;0.0372;NA;1;NA;0;;148;1;0.2958;NA;1;NA;0
149;2;0;0.15;0;1;;149;1;0.6594;NA;1;NA;0;;149;1;0.2389;NA;1;NA;0;;149;2;0;0.1343;0;1;0
150;1;0.29;NA;1;NA;;150;1;0.0046;NA;0;NA;0;;150;1;0.0044;NA;0;NA;0;;150;1;0.0055;NA;0;NA;0
151;1;0.493;NA;1;NA;;151;2;6.00E-04;0.8222;0;1;0;;151;2;6.00E-04;0.8191;0;1;0;;151;1;0.3128;NA;1;NA;0
152;2;0.002;0.978;0;1;;152;2;0.0097;0.9856;0;1;0;;152;2;0.0108;0.9675;1;1;0;;152;2;0.0169;0.9358;1;1;0
153;1;0.017;NA;1;NA;;153;2;0;0.0015;0;0;0;;153;2;3.00E-04;0.016;0;1;0;;153;1;0.0042;NA;0;NA;0
154;2;0.589;0.153;1;1;;154;1;0.1437;NA;1;NA;0;;154;1;0.1875;NA;1;NA;0;;154;2;0.0571;0.1681;1;1;0
155;1;0.952;NA;1;NA;;155;2;0.0179;0.8214;1;1;0;;155;2;0.0217;0.8455;1;1;0;;155;1;0.8239;NA;1;NA;0
156;2;0.136;0.177;1;1;;156;2;0.1279;0.0228;1;1;0;;156;2;0.1226;0.0195;1;1;0;;156;2;0.1671;0.033;1;1;0
157;2;0.013;0.025;1;1;;157;2;0.4766;0.5289;1;1;0;;157;2;0.4992;0.7057;1;1;0;;157;2;0.1562;0.7949;1;1;0
158;2;0;0;0;0;;158;2;0;0;0;0;0;;158;2;1.00E-04;0;0;0;0;;158;2;0.0047;1.00E-04;0;0;0
159;1;0.007;NA;0;NA;;159;1;0.0187;NA;1;NA;0;;159;1;0.021;NA;1;NA;0;;159;1;0.0106;NA;1;NA;0
160;1;0.002;NA;0;NA;;160;1;0.0152;NA;1;NA;0;;160;1;0.0144;NA;1;NA;0;;160;1;0.1078;NA;1;NA;0
161;2;0;0;0;0;;161;1;0.0167;NA;1;NA;0;;161;1;0.0148;NA;1;NA;0;;161;1;0.0173;NA;1;NA;0
162;1;0.005;NA;0;NA;;162;1;0.0262;NA;1;NA;0;;162;1;0.0232;NA;1;NA;0;;162;1;0.0783;NA;1;NA;0
163;1;0.774;NA;1;NA;;163;1;0.1552;NA;1;NA;0;;163;1;0.1707;NA;1;NA;0;;163;1;0.1617;NA;1;NA;0
164;2;0.035;0.781;1;1;;164;1;0.9179;NA;1;NA;0;;164;1;0.9125;NA;1;NA;0;;164;1;0.5564;NA;1;NA;0
165;1;0.002;NA;0;NA;;165;1;2.00E-04;NA;0;NA;0;;165;1;4.00E-04;NA;0;NA;0;;165;1;0.0031;NA;0;NA;0
166;1;0;NA;0;NA;;166;2;0.0985;0.024;1;1;0;;166;2;0.0457;0.0115;1;1;0;;166;2;0.0014;0.0044;0;0;0
167;2;0.007;0;0;0;;167;2;0.3466;0.2654;1;1;0;;167;2;0.5522;0.2322;1;1;0;;167;2;0.5533;0.063;1;1;0
168;1;0.002;NA;0;NA;;168;1;0.01;NA;1;NA;0;;168;1;0.0126;NA;1;NA;0;;168;1;0.0094;NA;0;NA;0
169;2;0.024;0.036;1;1;;169;2;0.0109;0.0861;1;1;0;;169;2;0.0221;0.0776;1;1;0;;169;2;0.0357;0.0209;1;1;0
170;2;0.354;0.004;1;0;;170;2;0.1223;8.00E-04;1;0;0;;170;2;0.1275;6.00E-04;1;0;0;;170;2;0.1978;0.001;1;0;0
171;2;0;0;0;0;;171;2;0;2.00E-04;0;0;0;;171;2;0;1.00E-04;0;0;0;;171;2;0;2.00E-04;0;0;0
172;1;0.704;NA;1;NA;;172;1;0.5769;NA;1;NA;0;;172;1;0.646;NA;1;NA;0;;172;1;0.673;NA;1;NA;0
173;2;0.017;0.006;1;0;;173;2;0.3786;0.6125;1;1;0;;173;2;0.33;0.6436;1;1;0;;173;2;0.2637;0.4551;1;1;0
174;2;0;0;0;0;;174;2;0.0016;0.0062;0;0;0;;174;2;0.0011;0.004;0;0;0;;174;2;2.00E-04;1.00E-04;0;0;0
175;2;0.003;0.834;0;1;;175;2;0.0658;0.0292;1;1;0;;175;2;0.0048;0.1367;0;1;0;;175;2;1.00E-04;0.6274;0;1;0
176;1;0.006;NA;0;NA;;176;1;0.0737;NA;1;NA;0;;176;1;0.0605;NA;1;NA;0;;176;1;0.008;NA;0;NA;0
177;2;0;0.543;0;1;;177;2;0;0.0217;0;1;0;;177;2;0;0.0521;0;1;0;;177;2;0;0.3582;0;1;0
178;1;0;NA;0;NA;;178;2;3.00E-04;0.0597;0;1;0;;178;1;5.00E-04;NA;0;NA;0;;178;1;0;NA;0;NA;0
179;1;0.069;NA;1;NA;;179;1;0.0011;NA;0;NA;0;;179;1;0.0021;NA;0;NA;0;;179;1;0.0197;NA;1;NA;0
180;2;0.001;0.202;0;1;;180;2;0.0333;9.00E-04;1;0;0;;180;2;0.059;0.0038;1;0;0;;180;2;6.00E-04;0.0296;0;1;0
181;2;0;0.116;0;1;;181;1;0.0369;NA;1;NA;0;;181;2;0.0012;0.205;0;1;0;;181;2;0;0.3158;0;1;0
182;2;0;0.013;0;1;;182;1;0.4153;NA;1;NA;0;;182;1;0.1516;NA;1;NA;0;;182;2;0;0.3165;0;1;0
183;NA;NA;NA;NA;NA;;183;2;0.0054;0.0159;0;1;0;;183;2;0.0012;0.0056;0;0;0;;183;1;3.00E-04;NA;0;NA;0
184;NA;NA;NA;NA;NA;;184;NA;NA;NA;NA;NA;0;;184;NA;NA;NA;NA;NA;0;;184;NA;NA;NA;NA;NA;0
185;NA;NA;NA;NA;NA;;185;NA;NA;NA;NA;NA;0;;185;1;0.0888;NA;1;NA;0;;185;1;0.1569;NA;1;NA;0
186;1;0;NA;0;NA;;186;1;7.00E-04;NA;0;NA;0;;186;1;0.0122;NA;1;NA;0;;186;1;0.0212;NA;1;NA;0
187;1;0;NA;0;NA;;187;1;0.0027;NA;0;NA;0;;187;2;0.0019;3.00E-04;0;0;0;;187;1;0;NA;0;NA;0
188;2;0;0.136;0;1;;188;2;2.00E-04;0.3082;0;1;0;;188;2;1.00E-04;0.2569;0;1;0;;188;2;0;0.1335;0;1;0
189;2;0.23;0.014;1;1;;189;1;0.829;NA;1;NA;0;;189;1;0.4855;NA;1;NA;0;;189;2;0.0681;0.1098;1;1;0
190;1;0.882;NA;1;NA;;190;1;0.9246;NA;1;NA;0;;190;1;0.9572;NA;1;NA;0;;190;1;0.9449;NA;1;NA;0
191;2;0.003;0.093;0;1;;191;2;0.0015;0.0012;0;0;0;;191;2;0.001;3.00E-04;0;0;0;;191;2;0.2401;0.3738;1;1;0
192;1;0.015;NA;1;NA;;192;1;0.0052;NA;0;NA;1;;192;1;0.0036;NA;0;NA;0;;192;1;0.0043;NA;0;NA;0
193;2;0.001;0.297;0;1;;193;1;6.00E-04;NA;0;NA;0;;193;1;0.0011;NA;0;NA;0;;193;1;0.0052;NA;0;NA;0
194;2;0.001;0.811;0;1;;194;2;0.0438;0.0014;1;0;0;;194;2;0.0224;0.0026;1;0;0;;194;2;0.038;0.0387;1;1;0
195;2;0;0.105;0;1;;195;2;1.00E-04;3.00E-04;0;0;0;;195;2;0;3.00E-04;0;0;0;;195;2;0;0.0364;0;1;0
196;2;0;0.208;0;1;;196;2;0.0081;0.3912;0;1;0;;196;2;0.0036;0.4876;0;1;0;;196;2;3.00E-04;0.4483;0;1;0
197;2;0.069;0.034;1;1;;197;1;0.9211;NA;1;NA;0;;197;1;0.8273;NA;1;NA;0;;197;1;0.8277;NA;1;NA;0
198;2;0;0.002;0;0;;198;2;1.00E-04;0.0041;0;0;0;;198;2;1.00E-04;0.0096;0;0;0;;198;2;0;3.00E-04;0;0;0
199;2;0;0.004;0;0;;199;2;0.0222;0.0909;1;1;0;;199;2;0.0058;0.0465;0;1;0;;199;2;0.0013;0.0323;0;1;0
200;2;0.001;0.292;0;1;;200;2;4.00E-04;0.2262;0;1;0;;200;2;2.00E-04;0.0928;0;1;0;;200;2;5.00E-04;0.0408;0;1;0
201;1;0.001;NA;0;NA;;201;2;0;0.009;0;0;0;;201;2;0;0.0136;0;1;0;;201;2;1.00E-04;0.0185;0;1;0
202;1;0.274;NA;1;NA;;202;1;0.8726;NA;1;NA;1;;202;NA;NA;NA;NA;NA;1;;202;1;0.6534;NA;1;NA;1
203;2;0;0.001;0;0;;203;2;0;0.1448;0;1;0;;203;2;0;0.0286;0;1;0;;203;2;0;0;0;0;0
204;2;0.002;0.727;0;1;;204;2;0.0011;0.5493;0;1;0;;204;2;0.0013;0.6084;0;1;0;;204;2;0.0026;0.6035;0;1;0
205;2;0;0.851;0;1;;205;2;0.0026;0.8046;0;1;0;;205;2;0.0024;0.7635;0;1;0;;205;2;0;0.5744;0;1;0
206;2;0;0.529;0;1;;206;2;2.00E-04;0.6508;0;1;0;;206;2;0;0.6191;0;1;0;;206;2;0;0.5;0;1;0
207;2;0;0;0;0;;207;1;0.9612;NA;1;NA;0;;207;1;0.9336;NA;1;NA;0;;207;1;0.3054;NA;1;NA;0
208;2;0;0.031;0;1;;208;2;0.0093;0.0633;0;1;0;;208;2;0.0097;0.0834;0;1;0;;208;2;0;0.0013;0;0;0
209;2;0.003;0.005;0;0;;209;2;0.0015;0.3889;0;1;0;;209;2;0.0019;0.3651;0;1;0;;209;2;0.0037;0.1643;0;1;0
210;2;0.002;0.423;0;1;;210;2;0.0145;0.1726;1;1;0;;210;2;0.0085;0.2518;0;1;0;;210;2;0.0054;0.1709;0;1;0
211;2;0.004;0.481;0;1;;211;1;0.269;NA;1;NA;0;;211;2;0.029;0.6276;1;1;0;;211;2;0.0149;0.5788;1;1;0
212;2;0.02;0;1;0;;212;2;0.0047;0.0013;0;0;0;;212;2;0.0057;8.00E-04;0;0;0;;212;2;0.0169;2.00E-04;1;0;0
213;2;0.05;0.005;1;0;;213;2;0.3712;0.0216;1;1;0;;213;2;0.5273;0.0307;1;1;0;;213;2;0.3302;0.0292;1;1;0
214;2;0;0.028;0;1;;214;1;0.2731;NA;1;NA;0;;214;1;0.7046;NA;1;NA;0;;214;1;0.7843;NA;1;NA;0
215;2;0;0.417;0;1;;215;2;0.2095;0.4677;1;1;0;;215;2;0.131;0.3405;1;1;0;;215;2;0.0085;0.2213;0;1;0
216;2;0;0.095;0;1;;216;2;0;0.006;0;0;0;;216;2;0;0.0707;0;1;0;;216;2;0;0.1533;0;1;0
217;1;0;NA;0;NA;;217;1;0.0016;NA;0;NA;0;;217;1;4.00E-04;NA;0;NA;0;;217;1;0.0058;NA;0;NA;0
218;2;0;0.001;0;0;;218;2;5.00E-04;0.0019;0;0;0;;218;2;5.00E-04;0.0019;0;0;0;;218;2;4.00E-04;0.0017;0;0;0
219;1;0;NA;0;NA;;219;1;0.2006;NA;1;NA;0;;219;1;0.167;NA;1;NA;0;;219;1;0.4898;NA;1;NA;0
220;2;0.029;0.246;1;1;;220;2;0;0.0023;0;0;0;;220;2;0;0.0239;0;1;0;;220;2;2.00E-04;0.0364;0;1;0
221;NA;NA;NA;NA;NA;;221;1;0.7177;NA;1;NA;1;;221;NA;NA;NA;NA;NA;1;;221;1;0.2166;NA;1;NA;0
222;1;0.648;NA;1;NA;;222;1;0.3698;NA;1;NA;0;;222;1;0.2322;NA;1;NA;0;;222;1;0.0661;NA;1;NA;0
223;1;0.385;NA;1;NA;;223;2;0.0371;0.0046;1;0;0;;223;2;0.0495;0.0052;1;0;0;;223;2;0.0238;0.0289;1;1;0
224;1;0.766;NA;1;NA;;224;2;0.0319;0.2264;1;1;0;;224;2;0.0513;0.3819;1;1;0;;224;2;0.0539;0.4013;1;1;0
225;NA;NA;NA;NA;NA;;225;2;0.001;0.4428;0;1;0;;225;1;0.0433;NA;1;NA;0;;225;1;0;NA;0;NA;0
226;2;0.001;0.102;0;1;;226;2;2.00E-04;0.5677;0;1;0;;226;2;1.00E-04;0.5334;0;1;0;;226;2;0;0.3143;0;1;0
227;NA;NA;NA;NA;NA;;227;1;0.0934;NA;1;NA;1;;227;NA;NA;NA;NA;NA;1;;227;1;0.181;NA;1;NA;1
228;2;0;0.04;0;1;;228;1;0.5138;NA;1;NA;1;;228;1;0.345;NA;1;NA;0;;228;2;1.00E-04;0.0354;0;1;0
229;2;0.039;0.469;1;1;;229;1;0.0541;NA;1;NA;0;;229;1;0.1035;NA;1;NA;0;;229;2;0.014;0.3308;1;1;0
230;2;0;0;0;0;;230;2;0.0358;0.013;1;1;0;;230;2;0.1147;0.0217;1;1;0;;230;2;0.3328;0.0704;1;1;0
231;2;0.006;0.026;0;1;;231;2;2.00E-04;0.0121;0;1;0;;231;2;0.0012;0.0058;0;0;0;;231;2;0.0115;0.004;1;0;0
232;2;0;0;0;0;;232;2;0.0579;0.2711;1;1;0;;232;2;0.0426;0.1653;1;1;0;;232;2;4.00E-04;0.0135;0;1;0
233;1;0.047;NA;1;NA;;233;1;0.0052;NA;0;NA;0;;233;1;0.0056;NA;0;NA;0;;233;1;0.0046;NA;0;NA;0
234;1;0.001;NA;0;NA;;234;1;0.0128;NA;1;NA;0;;234;1;0.0035;NA;0;NA;0;;234;1;0.002;NA;0;NA;0
235;1;0.007;NA;0;NA;;235;2;1.00E-04;0.0458;0;1;0;;235;1;0.0251;NA;1;NA;0;;235;1;0.1146;NA;1;NA;0
236;1;0.009;NA;0;NA;;236;1;0.4115;NA;1;NA;0;;236;1;0.3335;NA;1;NA;0;;236;1;0.2108;NA;1;NA;0
237;NA;NA;NA;NA;NA;;237;1;5.00E-04;NA;0;NA;0;;237;1;7.00E-04;NA;0;NA;0;;237;1;0.0087;NA;0;NA;0
238;2;0.008;0.008;0;0;;238;2;0;0.0114;0;1;0;;238;2;2.00E-04;0.0043;0;0;0;;238;2;0.0094;0.0057;0;0;0
239;2;0.006;0.088;0;1;;239;2;0.1205;0.1927;1;1;0;;239;2;0.2392;0.2661;1;1;0;;239;2;0.234;0.0986;1;1;0
240;2;0;0.157;0;1;;240;1;0.1044;NA;1;NA;0;;240;1;0.0557;NA;1;NA;0;;240;1;0;NA;0;NA;0
241;2;0;0.273;0;1;;241;1;0.4489;NA;1;NA;0;;241;2;4.00E-04;0.3799;0;1;0;;241;2;2.00E-04;0.1476;0;1;0
242;1;0.002;NA;0;NA;;242;2;2.00E-04;0.0011;0;0;0;;242;2;2.00E-04;0.0014;0;0;0;;242;2;1.00E-04;0.0041;0;0;0
243;2;0;0.737;0;1;;243;2;0.0022;0.6993;0;1;0;;243;2;5.00E-04;0.8884;0;1;0;;243;2;4.00E-04;0.6784;0;1;0
244;2;0.001;0.532;0;1;;244;1;0.8835;NA;1;NA;0;;244;1;0.9795;NA;1;NA;0;;244;2;0.0018;0.3417;0;1;0
245;2;0.019;0.015;1;1;;245;2;4.00E-04;0.0272;0;1;0;;245;2;0.0095;0.0288;0;1;0;;245;2;0.0353;0.0249;1;1;0
246;2;0.003;0.326;0;1;;246;2;0.0026;0.1879;0;1;0;;246;2;4.00E-04;0.2605;0;1;0;;246;2;6.00E-04;0.2799;0;1;0
247;NA;NA;NA;NA;NA;;247;2;6.00E-04;0.022;0;1;0;;247;2;4.00E-04;0.0139;0;1;0;;247;2;1.00E-04;0.0069;0;0;0
248;2;0.015;0.076;1;1;;248;2;0.0187;0.4771;1;1;0;;248;2;0.0071;0.4093;0;1;0;;248;2;0.0134;0.3042;1;1;0
249;2;0;0.062;0;1;;249;2;0.0229;0.7427;1;1;0;;249;2;0.0078;0.8573;0;1;0;;249;2;2.00E-04;0.3315;0;1;0
250;2;0;0.003;0;0;;250;1;0.6556;NA;1;NA;0;;250;1;0.3295;NA;1;NA;0;;250;2;1.00E-04;0.0027;0;0;0
251;2;0.001;0.647;0;1;;251;1;0.8196;NA;1;NA;0;;251;1;0.755;NA;1;NA;0;;251;2;0;0.658;0;1;0
252;2;0;0.714;0;1;;252;2;0.0038;0.69;0;1;0;;252;2;0.0028;0.9347;0;1;0;;252;2;1.00E-04;0.7922;0;1;0
253;2;0;0.397;0;1;;253;2;0.0079;0.6238;0;1;0;;253;2;0.0071;0.6821;0;1;0;;253;2;0;0.3356;0;1;0
254;2;0.001;0.051;0;1;;254;1;0;NA;0;NA;0;;254;1;0;NA;0;NA;0;;254;1;2.00E-04;NA;0;NA;0
255;2;0;0.021;0;1;;255;2;0.0026;0.1319;0;1;0;;255;2;7.00E-04;0.1242;0;1;0;;255;2;0;0.3415;0;1;0
256;2;0;0.027;0;1;;256;2;0;0.0028;0;0;0;;256;2;0;0.0022;0;0;0;;256;2;0;0.0669;0;1;0
257;2;0.002;0.394;0;1;;257;2;0.0018;0.0876;0;1;0;;257;2;0.0022;0.0947;0;1;0;;257;2;0.0017;0.0365;0;1;0
258;2;0;0.071;0;1;;258;2;1.00E-04;0.053;0;1;0;;258;2;0;0.0318;0;1;0;;258;2;0;0.279;0;1;0
259;2;0;0.006;0;0;;259;2;9.00E-04;0.0065;0;0;0;;259;2;1.00E-04;0.0077;0;0;0;;259;2;0;0.0092;0;0;0
260;2;0.002;0.194;0;1;;260;2;0.0424;0.3895;1;1;0;;260;2;0.0246;0.5836;1;1;0;;260;2;0;0.2295;0;1;0
261;2;0;0.352;0;1;;261;1;0.0109;NA;1;NA;0;;261;1;0.0095;NA;0;NA;0;;261;2;0;0.0826;0;1;0
262;2;0.002;0.203;0;1;;262;2;2.00E-04;0.1116;0;1;0;;262;2;1.00E-04;0.1058;0;1;0;;262;2;9.00E-04;0.2379;0;1;0
263;1;0;NA;0;NA;;263;1;0.0033;NA;0;NA;0;;263;1;0.0012;NA;0;NA;0;;263;1;0;NA;0;NA;0
264;2;0;0.013;0;1;;264;2;1.00E-04;0.008;0;0;0;;264;2;0;0.0086;0;0;0;;264;2;0;0.0015;0;0;0
265;2;0;0.011;0;1;;265;2;0;6.00E-04;0;0;0;;265;2;0;4.00E-04;0;0;0;;265;2;0;4.00E-04;0;0;0
266;2;0;0.191;0;1;;266;2;0.0076;0.1062;0;1;0;;266;2;0.0054;0.1687;0;1;0;;266;2;0;0.3769;0;1;0
267;2;0;0.559;0;1;;267;2;0.0048;0.7427;0;1;0;;267;2;0.0018;0.7926;0;1;0;;267;2;0;0.5192;0;1;0
268;2;0;0.011;0;1;;268;1;0.0133;NA;1;NA;0;;268;2;0.001;0.101;0;1;0;;268;2;5.00E-04;0.0732;0;1;0
269;2;0.001;0.024;0;1;;269;1;0.4779;NA;1;NA;0;;269;1;0.3954;NA;1;NA;0;;269;2;0.0388;0.5802;1;1;0
270;2;0;0.569;0;1;;270;1;0.506;NA;1;NA;0;;270;1;0.3937;NA;1;NA;0;;270;2;3.00E-04;0.6042;0;1;0
271;2;0;0;0;0;;271;2;1.00E-04;0.1084;0;1;0;;271;2;0;0.0395;0;1;0;;271;2;0;2.00E-04;0;0;0
272;2;0.009;0.898;0;1;;272;2;8.00E-04;0.5854;0;1;0;;272;2;4.00E-04;0.4815;0;1;0;;272;2;1.00E-04;0.6044;0;1;0
273;2;0;0.958;0;1;;273;2;3.00E-04;0.2095;0;1;0;;273;2;1.00E-04;0.2368;0;1;0;;273;2;0;0.9435;0;1;0
274;2;0;0.002;0;0;;274;2;0.0013;0.1996;0;1;0;;274;2;2.00E-04;0.1076;0;1;0;;274;2;0;0.0147;0;1;0
275;2;0;0.256;0;1;;275;2;1.00E-04;0.0685;0;1;0;;275;2;0;0.0582;0;1;0;;275;2;0;0.2057;0;1;0
276;2;0.006;0.763;0;1;;276;2;0.0134;0.4576;1;1;0;;276;2;0.0174;0.5653;1;1;0;;276;2;0;0.1902;0;1;0
277;1;0.001;NA;0;NA;;277;1;0.0124;NA;1;NA;0;;277;1;0.007;NA;0;NA;0;;277;2;0.0043;0.0485;0;1;0
278;2;0;0.028;0;1;;278;2;0.1847;0.7744;1;1;0;;278;2;0.056;0.7963;1;1;0;;278;1;0;NA;0;NA;0
279;2;0.011;0.221;1;1;;279;2;0.1272;0.478;1;1;0;;279;2;0.0447;0.6205;1;1;0;;279;2;0.0291;0.392;1;1;0
280;2;0.004;0.002;0;0;;280;2;0.0019;0.1135;0;1;0;;280;2;0.0023;0.1038;0;1;0;;280;2;0.0138;0.0202;1;1;0
281;2;0.014;0.683;1;1;;281;2;0.0339;0.7486;1;1;0;;281;2;0.0362;0.8306;1;1;0;;281;2;0.0014;0.5117;0;1;0
282;1;0.002;NA;0;NA;;282;2;1.00E-04;0.0104;0;1;0;;282;2;1.00E-04;0.0148;0;1;0;;282;2;1.00E-04;0.0081;0;0;0
283;2;0.005;0.016;0;1;;283;2;0.0982;0.2574;1;1;0;;283;2;0.0508;0.2234;1;1;0;;283;2;0.0017;0.0235;0;1;0
284;2;0;0.272;0;1;;284;2;0.0211;0.028;1;1;0;;284;2;0.0131;0.0241;1;1;0;;284;2;0.0018;0.0262;0;1;0
285;2;0.001;0.006;0;0;;285;2;0.0071;0.0309;0;1;0;;285;2;0.0061;0.0257;0;1;0;;285;2;0;5.00E-04;0;0;0
286;2;0.003;0.078;0;1;;286;2;0.0096;0.3004;0;1;0;;286;2;0.0042;0.3284;0;1;0;;286;2;1.00E-04;0.1365;0;1;0
287;1;0;NA;0;NA;;287;2;0.0012;0.2703;0;1;0;;287;2;0.001;0.3437;0;1;0;;287;1;2.00E-04;NA;0;NA;0
288;1;0;NA;0;NA;;288;1;0.0076;NA;0;NA;1;;288;NA;NA;NA;NA;NA;1;;288;1;0;NA;0;NA;0
289;2;0;0;0;0;;289;2;0;3.00E-04;0;0;0;;289;2;0;1.00E-04;0;0;0;;289;2;0;5.00E-04;0;0;0
290;2;0;0.002;0;0;;290;2;0.0044;0.2368;0;1;0;;290;2;0.0033;0.3117;0;1;0;;290;2;0;0.0603;0;1;0
291;2;0;0.149;0;1;;291;2;1.00E-04;0.3096;0;1;0;;291;2;0;0.3046;0;1;0;;291;2;0;0.1461;0;1;0
292;2;0;0.014;0;1;;292;2;4.00E-04;0.4031;0;1;0;;292;2;3.00E-04;0.306;0;1;0;;292;2;0;0.0252;0;1;0
293;2;0;0.013;0;1;;293;1;0.0501;NA;1;NA;0;;293;1;0.0218;NA;1;NA;0;;293;2;0;0.0024;0;0;0
294;2;0;0.033;0;1;;294;2;0.0088;0.3294;0;1;0;;294;2;0.0033;0.2164;0;1;0;;294;2;0;0.027;0;1;0
295;2;0;0.176;0;1;;295;1;0.1675;NA;1;NA;0;;295;1;0.0623;NA;1;NA;0;;295;2;0;0.5052;0;1;0
296;2;0;0;0;0;;296;2;0;1.00E-04;0;0;0;;296;2;0;1.00E-04;0;0;0;;296;2;0;1.00E-04;0;0;0
297;2;0.012;0.308;1;1;;297;2;0.015;0.1595;1;1;0;;297;2;0.0178;0.1365;1;1;0;;297;2;0.0011;0.3303;0;1;0
298;2;0;0;0;0;;298;2;0.0157;0.0082;1;0;0;;298;2;0.0115;0.0027;1;0;0;;298;2;2.00E-04;1.00E-04;0;0;0
299;2;0.026;0.181;1;1;;299;2;0.189;0.3147;1;1;0;;299;2;0.1194;0.3004;1;1;0;;299;2;0.0843;0.6351;1;1;0
300;2;0.012;0.866;1;1;;300;2;7.00E-04;0.3231;0;1;0;;300;2;8.00E-04;0.3242;0;1;0;;300;2;5.00E-04;0.4083;0;1;0
301;2;0.003;0.798;0;1;;301;2;0.0289;0.0619;1;1;0;;301;2;0.0226;0.0293;1;1;0;;301;2;0.0485;0.1309;1;1;0
302;2;0;0.018;0;1;;302;2;0.0295;0.0563;1;1;0;;302;2;0.0088;0.0324;0;1;0;;302;2;0;0.0108;0;1;0
303;2;0.003;0.432;0;1;;303;2;0.0926;0.0195;1;1;0;;303;2;0.0696;0.0244;1;1;0;;303;2;0.0149;0.1634;1;1;0
304;2;0.001;0.029;0;1;;304;2;0.0104;0.166;1;1;0;;304;2;0.0035;0.1378;0;1;0;;304;2;1.00E-04;0.0797;0;1;0
305;1;0;NA;0;NA;;305;1;0.2657;NA;1;NA;0;;305;2;0.0069;0.331;0;1;0;;305;2;8.00E-04;0.1011;0;1;0
306;2;0;0.001;0;0;;306;2;0;0;0;0;0;;306;2;0;1.00E-04;0;0;0;;306;2;0;0.004;0;0;0
307;2;0.013;0.648;1;1;;307;2;0.04;0.4375;1;1;0;;307;2;0.0368;0.441;1;1;0;;307;2;0.0089;0.2007;0;1;0
308;2;0;0.003;0;0;;308;1;0.3515;NA;1;NA;0;;308;1;0.3386;NA;1;NA;0;;308;2;0;3.00E-04;0;0;0
309;2;0;0.008;0;0;;309;2;0.0017;0.0432;0;1;0;;309;2;7.00E-04;0.0293;0;1;0;;309;1;1.00E-04;NA;0;NA;0
310;2;0;0.014;0;1;;310;2;0.0644;0.0382;1;1;0;;310;2;0.03;0.0422;1;1;0;;310;2;3.00E-04;0.0552;0;1;0
311;2;0.057;0.971;1;1;;311;2;0.1176;0.3769;1;1;0;;311;2;0.1032;0.3545;1;1;0;;311;2;0.0116;0.929;1;1;0
312;2;0.001;0.067;0;1;;312;2;0.0236;0.8656;1;1;0;;312;2;0.0209;0.7439;1;1;0;;312;2;2.00E-04;0.0968;0;1;0
313;2;0;0.002;0;0;;313;2;1.00E-04;0.0394;0;1;0;;313;1;0.0078;NA;0;NA;0;;313;2;0;0.0655;0;1;0
314;2;0;0.021;0;1;;314;2;1.00E-04;0.4662;0;1;0;;314;2;2.00E-04;0.3189;0;1;0;;314;2;0;0.0082;0;0;0
315;2;0.008;0.426;0;1;;315;2;0.0669;0.2106;1;1;0;;315;2;0.0636;0.2296;1;1;0;;315;2;0.0178;0.6472;1;1;0
316;2;0;0.539;0;1;;316;2;0.0048;0.3741;0;1;0;;316;2;0.0043;0.5976;0;1;0;;316;2;0;0.7532;0;1;0
317;2;0;0.257;0;1;;317;2;0.0016;0.72;0;1;0;;317;2;0.0019;0.6859;0;1;0;;317;2;0;0.6972;0;1;0
318;2;0.001;0.403;0;1;;318;2;0.0316;0.2616;1;1;0;;318;2;0.0145;0.331;1;1;0;;318;2;5.00E-04;0.4703;0;1;0
319;2;0.001;0.012;0;1;;319;2;0.2054;0.0102;1;1;0;;319;2;0.1664;0.0119;1;1;0;;319;2;0.0094;0.0015;0;0;0
320;2;0;0;0;0;;320;2;0;0;0;0;0;;320;2;0;0;0;0;0;;320;2;0;0;0;0;0
321;2;0;0.245;0;1;;321;2;2.00E-04;0.9229;0;1;0;;321;2;1.00E-04;0.8731;0;1;0;;321;2;0;0.0534;0;1;0
322;2;0;0.788;0;1;;322;2;2.00E-04;0.7251;0;1;0;;322;2;2.00E-04;0.702;0;1;0;;322;2;1.00E-04;0.6649;0;1;0
323;1;0.054;NA;1;NA;;323;1;0.0689;NA;1;NA;0;;323;1;0.0852;NA;1;NA;0;;323;1;0.2952;NA;1;NA;0
324;1;0;NA;0;NA;;324;1;0.0789;NA;1;NA;0;;324;1;0.1019;NA;1;NA;0;;324;1;2.00E-04;NA;0;NA;0
325;2;0.003;0.24;0;1;;325;2;6.00E-04;0.0976;0;1;0;;325;2;5.00E-04;0.0757;0;1;0;;325;2;0.0013;0.0963;0;1;0
326;1;0.205;NA;1;NA;;326;2;0.0076;0.6618;0;1;0;;326;2;0.0068;0.7935;0;1;0;;326;2;0.0075;0.6375;0;1;0
327;1;0.978;NA;1;NA;;327;2;1.00E-04;0.4213;0;1;0;;327;2;1.00E-04;0.3826;0;1;0;;327;2;0.0012;0.2329;0;1;0
328;2;0;0.135;0;1;;328;2;2.00E-04;7.00E-04;0;0;0;;328;2;2.00E-04;8.00E-04;0;0;0;;328;2;1.00E-04;0.0455;0;1;0
329;2;0.002;0.72;0;1;;329;2;6.00E-04;0.2974;0;1;0;;329;2;2.00E-04;0.3295;0;1;0;;329;2;0;0.2588;0;1;0
330;2;0;0;0;0;;330;2;0.1041;0.7901;1;1;0;;330;2;0.0275;0.7929;1;1;0;;330;2;0;0.3755;0;1;0
331;2;0.002;0.377;0;1;;331;2;0.0066;0.3065;0;1;0;;331;2;0.0068;0.334;0;1;0;;331;2;0.0043;0.4155;0;1;0
332;2;0.002;0.303;0;1;;332;2;0.0119;0.1552;1;1;0;;332;2;0.0123;0.2006;1;1;0;;332;2;0.0433;0.0896;1;1;0
333;2;0;0.039;0;1;;333;2;0.0029;0.0038;0;0;0;;333;2;0.0012;0.0066;0;0;0;;333;2;0;0.0211;0;1;0
334;1;0.005;NA;0;NA;;334;1;0.0046;NA;0;NA;0;;334;1;0.0026;NA;0;NA;0;;334;2;0.0016;0.013;0;1;0
335;1;0.003;NA;0;NA;;335;2;0.0265;0.6318;1;1;0;;335;2;0.0305;0.5232;1;1;0;;335;2;0.0349;0.108;1;1;0
336;2;0;0.688;0;1;;336;2;8.00E-04;0.0078;0;0;0;;336;2;5.00E-04;0.0238;0;1;0;;336;2;0;0.2406;0;1;0
337;2;0.001;0.525;0;1;;337;2;8.00E-04;0.3161;0;1;0;;337;2;8.00E-04;0.3103;0;1;0;;337;2;7.00E-04;0.5662;0;1;0
338;2;0;0.118;0;1;;338;2;2.00E-04;0.2263;0;1;0;;338;2;2.00E-04;0.2337;0;1;0;;338;2;2.00E-04;0.1013;0;1;0
339;1;0.015;NA;1;NA;;339;2;3.00E-04;0.009;0;0;0;;339;2;1.00E-04;0.0061;0;0;0;;339;2;1.00E-04;0.0052;0;0;0
340;2;0;0.197;0;1;;340;1;0.1316;NA;1;NA;0;;340;1;0.1229;NA;1;NA;0;;340;1;0.0937;NA;1;NA;0
341;2;0;0.074;0;1;;341;2;0.001;0.0894;0;1;0;;341;2;2.00E-04;0.082;0;1;0;;341;2;0;0.0408;0;1;0
342;2;0.003;0.006;0;0;;342;2;0.0043;0.0259;0;1;0;;342;2;0.0021;0.0223;0;1;0;;342;2;0;1.00E-04;0;0;0
343;1;0.085;NA;1;NA;;343;1;0.0052;NA;0;NA;0;;343;1;0.0054;NA;0;NA;0;;343;1;0.0134;NA;1;NA;0
344;2;0.022;0.063;1;1;;344;2;0.0011;0.0045;0;0;0;;344;2;0.0015;0.0051;0;0;0;;344;2;0.0028;0.0512;0;1;0
345;2;0.001;0.43;0;1;;345;2;0;0.0846;0;1;0;;345;2;0;0.0752;0;1;0;;345;2;0;0.0148;0;1;0
346;2;0.014;0.052;1;1;;346;2;0;4.00E-04;0;0;0;;346;2;0;4.00E-04;0;0;0;;346;2;6.00E-04;0.0104;0;1;0
347;2;0;0.115;0;1;;347;1;0.1161;NA;1;NA;0;;347;1;0.0579;NA;1;NA;0;;347;2;0;0.3111;0;1;0
348;1;0.058;NA;1;NA;;348;1;0.0804;NA;1;NA;0;;348;1;0.0832;NA;1;NA;0;;348;1;0.0572;NA;1;NA;0
349;2;0;0.04;0;1;;349;2;0;0.0033;0;0;0;;349;2;0;0.0029;0;0;0;;349;2;0;0.0095;0;0;0
350;2;0;0.01;0;1;;350;2;0.007;0.0212;0;1;0;;350;2;0.001;0.0119;0;1;0;;350;2;0;5.00E-04;0;0;0
351;2;0;0.189;0;1;;351;2;0;1.00E-04;0;0;0;;351;2;0;1.00E-04;0;0;0;;351;2;0;0.0111;0;1;0
352;2;0;0.273;0;1;;352;2;0.0028;0.2773;0;1;0;;352;2;0.0011;0.2905;0;1;0;;352;2;0;0.3916;0;1;0
353;2;0;0.17;0;1;;353;2;0.0282;0.4157;1;1;0;;353;2;0.0078;0.2792;0;1;0;;353;2;0;0.1225;0;1;0
354;2;0;0.003;0;0;;354;2;5.00E-04;0.0093;0;0;0;;354;2;1.00E-04;0.0084;0;0;0;;354;2;0;0.0019;0;0;0
355;2;0;0.038;0;1;;355;2;1.00E-04;0.0395;0;1;0;;355;2;0;0.0563;0;1;0;;355;2;0;0.0172;0;1;0
356;2;0.001;0.003;0;0;;356;2;0.0242;0.0022;1;0;0;;356;2;0.0196;0.0016;1;0;0;;356;2;1.00E-04;0.0031;0;0;0
357;2;0;0.456;0;1;;357;2;0;0.0063;0;0;0;;357;2;0;0.015;0;1;0;;357;2;0;0.3365;0;1;0
358;1;0.087;NA;1;NA;;358;2;0.1046;0.4145;1;1;0;;358;2;0.0885;0.3953;1;1;0;;358;1;0.5366;NA;1;NA;0
359;2;0;0.207;0;1;;359;2;0.0194;0.0721;1;1;0;;359;2;0.0072;0.0782;0;1;0;;359;2;0;0.113;0;1;0
360;2;0;0.419;0;1;;360;2;0.0095;0.2266;0;1;0;;360;2;0.0093;0.2594;0;1;0;;360;2;0;0.6922;0;1;0
361;2;0;0.104;0;1;;361;2;0.0112;0.0076;1;0;0;;361;2;0.0219;0.0049;1;0;0;;361;2;0.0042;0.0813;0;1;0
362;2;0.001;0.193;0;1;;362;2;0.0087;0.0015;0;0;0;;362;2;0.0051;0.0022;0;0;0;;362;2;7.00E-04;0.1169;0;1;0
363;2;0;0.001;0;0;;363;2;0.073;0.0014;1;0;0;;363;2;0.0563;0.0021;1;0;0;;363;2;0;0.0015;0;0;0
364;2;0;0.62;0;1;;364;2;0.0079;0.0287;0;1;0;;364;2;0.0034;0.0319;0;1;0;;364;2;2.00E-04;0.7647;0;1;0
365;2;0;0.488;0;1;;365;2;3.00E-04;0.0579;0;1;0;;365;2;1.00E-04;0.1283;0;1;0;;365;2;4.00E-04;0.4033;0;1;0
366;2;0;0.299;0;1;;366;2;0.0319;5.00E-04;1;0;0;;366;2;0.0094;8.00E-04;0;0;0;;366;2;0;0.1182;0;1;0
367;2;0;0.07;0;1;;367;2;0.002;0.2099;0;1;0;;367;2;0.0016;0.178;0;1;0;;367;2;0;0.1186;0;1;0
368;2;0;0;0;0;;368;2;0.0011;0.0025;0;0;0;;368;2;2.00E-04;5.00E-04;0;0;0;;368;2;0;3.00E-04;0;0;0
369;1;0.475;NA;1;NA;;369;1;0.0234;NA;1;NA;0;;369;1;0.0223;NA;1;NA;0;;369;1;7.00E-04;NA;0;NA;0
370;2;0.003;0.148;0;1;;370;2;0.0056;0.0017;0;0;0;;370;2;0.0058;0.0025;0;0;0;;370;2;0.0011;0.2732;0;1;0
371;2;0;0.005;0;0;;371;2;0.0104;0.0016;1;0;0;;371;2;0.009;0.0016;0;0;0;;371;2;3.00E-04;0.2806;0;1;0
372;2;0;0;0;0;;372;2;7.00E-04;0;0;0;0;;372;2;5.00E-04;0;0;0;0;;372;2;9.00E-04;4.00E-04;0;0;0
373;2;0;0.114;0;1;;373;2;0.5984;0.0598;1;1;0;;373;2;0.5707;0.0816;1;1;0;;373;2;1.00E-04;0.1709;0;1;0
374;2;0;0.416;0;1;;374;2;0.5869;0.2038;1;1;0;;374;2;0.435;0.375;1;1;0;;374;2;4.00E-04;0.4284;0;1;0
375;2;0;0.93;0;1;;375;2;4.00E-04;0.058;0;1;0;;375;2;2.00E-04;0.087;0;1;0;;375;2;0;0.5041;0;1;0
376;2;0;0;0;0;;376;2;3.00E-04;9.00E-04;0;0;0;;376;2;1.00E-04;5.00E-04;0;0;0;;376;2;0;0;0;0;0
377;2;0;0.033;0;1;;377;1;0.0222;NA;1;NA;0;;377;1;0.0205;NA;1;NA;0;;377;2;0;0.0712;0;1;0
378;2;0.001;0.033;0;1;;378;2;0.2832;0.0359;1;1;0;;378;2;0.3721;0.0438;1;1;0;;378;2;0.0323;0.0313;1;1;0
379;2;0;0.283;0;1;;379;2;2.00E-04;0.3118;0;1;0;;379;2;2.00E-04;0.3439;0;1;0;;379;2;3.00E-04;0.3499;0;1;0
380;2;0;0.005;0;0;;380;2;0;0.0033;0;0;0;;380;2;0;0.0024;0;0;0;;380;2;0;0.0032;0;0;0
381;2;0;0.122;0;1;;381;2;0.003;0.3831;0;1;0;;381;2;0.0049;0.3718;0;1;0;;381;2;3.00E-04;0.5297;0;1;0
382;2;0;0;0;0;;382;2;0.0031;0.0973;0;1;0;;382;2;9.00E-04;0.0524;0;1;0;;382;2;0;2.00E-04;0;0;0
383;2;0;0.016;0;1;;383;2;0.0285;0.0426;1;1;0;;383;2;0.0146;0.0396;1;1;0;;383;2;0;0.0087;0;0;0
384;2;0.003;0.032;0;1;;384;2;0.0482;0.0024;1;0;0;;384;2;0.0673;0.0023;1;0;0;;384;2;0;0.001;0;0;0
385;2;0.003;0.944;0;1;;385;1;0.6227;NA;1;NA;0;;385;1;0.6388;NA;1;NA;0;;385;2;0.013;0.8023;1;1;0
386;2;0;0.045;0;1;;386;2;0.2746;0.0017;1;0;0;;386;2;0.1398;0.0022;1;0;0;;386;2;0;0.011;0;1;0
387;2;0;0.131;0;1;;387;1;0.0031;NA;0;NA;0;;387;1;0.003;NA;0;NA;0;;387;2;0;0.0384;0;1;0
388;2;0;0.168;0;1;;388;2;0.016;0.3724;1;1;0;;388;2;0.0088;0.4158;0;1;0;;388;2;0;0.068;0;1;0
389;2;0;0.184;0;1;;389;2;0.3888;0.3871;1;1;0;;389;2;0.3183;0.5108;1;1;0;;389;2;9.00E-04;0.7493;0;1;0
390;1;0.003;NA;0;NA;;390;1;0.5205;NA;1;NA;0;;390;1;0.4928;NA;1;NA;0;;390;1;0.1198;NA;1;NA;0
391;2;0;0.679;0;1;;391;1;0.9795;NA;1;NA;0;;391;1;0.9723;NA;1;NA;0;;391;2;0;0.9738;0;1;0
392;2;0;0.056;0;1;;392;2;0.0052;0.0318;0;1;0;;392;2;0.0147;0.0517;1;1;0;;392;2;0;0.0339;0;1;0
393;2;0;0.031;0;1;;393;2;0.0264;6.00E-04;1;0;0;;393;2;0.0155;5.00E-04;1;0;0;;393;2;0.0017;0.007;0;0;0
394;1;0.106;NA;1;NA;;394;1;0.7826;NA;1;NA;0;;394;1;0.7792;NA;1;NA;0;;394;1;0.7658;NA;1;NA;0
395;2;0;0.045;0;1;;395;1;0.4582;NA;1;NA;0;;395;2;0.002;0.2165;0;1;0;;395;2;0;0.0202;0;1;0
396;2;0;0.04;0;1;;396;2;0.0476;0.0037;1;0;0;;396;2;0.0566;0.0051;1;0;0;;396;2;0.1622;0.385;1;1;0
397;2;0.002;0.144;0;1;;397;2;0.0458;0.0922;1;1;0;;397;2;0.0421;0.0895;1;1;0;;397;2;0.0072;0.099;0;1;0
398;2;0.002;0.159;0;1;;398;2;0.0168;0.0945;1;1;0;;398;2;0.0107;0.0867;1;1;0;;398;2;5.00E-04;0.057;0;1;0
399;2;0;0.538;0;1;;399;2;0.0023;0.2247;0;1;0;;399;2;0.0012;0.2256;0;1;0;;399;2;0;0.3527;0;1;0
400;2;0;0.076;0;1;;400;2;0.0018;0.0122;0;1;0;;400;2;0.0014;0.0093;0;0;0;;400;2;0;0.0598;0;1;0
401;2;0;0.097;0;1;;401;2;0.0069;0.0577;0;1;0;;401;2;0.0058;0.0583;0;1;0;;401;2;0;0.0012;0;0;0
402;2;0.012;0.295;1;1;;402;2;0.1027;0.1435;1;1;0;;402;2;0.0983;0.1435;1;1;0;;402;2;0.0482;0.182;1;1;0
403;2;0;0.005;0;0;;403;1;0.1875;NA;1;NA;0;;403;1;0.2128;NA;1;NA;0;;403;1;8.00E-04;NA;0;NA;0
404;2;0;0.001;0;0;;404;2;0.0334;0.0016;1;0;0;;404;2;0.0139;6.00E-04;1;0;0;;404;2;0;5.00E-04;0;0;0
405;2;0;0.1;0;1;;405;1;0.5525;NA;1;NA;0;;405;1;0.6053;NA;1;NA;0;;405;1;0.7348;NA;1;NA;0
406;2;0.54;0.088;1;1;;406;2;0.5402;0.088;1;1;0;;406;2;0.5402;0.088;1;1;0;;406;2;0.5402;0.088;1;1;0
407;2;0;0.007;0;0;;407;2;0.0667;0.0171;1;1;0;;407;2;0.0394;0.012;1;1;0;;407;2;0;0.0151;0;1;0
408;2;0;0.005;0;0;;408;2;0.0777;0.0758;1;1;0;;408;2;0.0747;0.0737;1;1;0;;408;2;0.0282;0.0524;1;1;0
409;2;0;0.545;0;1;;409;2;0.1008;0.8242;1;1;0;;409;2;0.0892;0.8238;1;1;0;;409;2;2.00E-04;0.3894;0;1;0
410;2;0;0.062;0;1;;410;1;0.0091;NA;0;NA;0;;410;1;0.0087;NA;0;NA;0;;410;1;1.00E-04;NA;0;NA;0
411;2;0.001;0.61;0;1;;411;2;0.0526;0.6951;1;1;0;;411;2;0.0348;0.7562;1;1;0;;411;2;0;0.2707;0;1;0
412;2;0.172;0.126;1;1;;412;2;0.1912;0.8245;1;1;0;;412;2;0.2162;0.8185;1;1;0;;412;2;0.4238;0.1614;1;1;0
413;2;0;0.166;0;1;;413;2;2.00E-04;2.00E-04;0;0;0;;413;2;2.00E-04;3.00E-04;0;0;0;;413;1;0.1549;NA;1;NA;0
414;2;0.002;0.179;0;1;;414;1;0.0114;NA;1;NA;0;;414;1;0.0092;NA;0;NA;0;;414;2;1.00E-04;0.002;0;0;0
415;2;0;0.092;0;1;;415;2;0;0.0011;0;0;0;;415;2;0;0.001;0;0;0;;415;2;0;0.0097;0;0;0
416;2;0;0.025;0;1;;416;2;1.00E-04;0.6545;0;1;0;;416;2;1.00E-04;0.6289;0;1;0;;416;2;0;0.1209;0;1;0
417;1;0.541;NA;1;NA;;417;1;0.1255;NA;1;NA;0;;417;1;0.1242;NA;1;NA;0;;417;2;0.0071;0.3275;0;1;0
418;2;0;0.395;0;1;;418;2;0.0031;0.6876;0;1;0;;418;2;0.0019;0.6541;0;1;0;;418;2;0.0013;0.7737;0;1;0
419;2;0.003;0.772;0;1;;419;2;0.0032;0.7617;0;1;0;;419;2;0.0035;0.7549;0;1;0;;419;2;0.0012;0.8197;0;1;0
420;1;0;NA;0;NA;;420;2;0.0066;0.064;0;1;0;;420;2;0.0058;0.0765;0;1;0;;420;1;1.00E-04;NA;0;NA;0
421;1;0.074;NA;1;NA;;421;1;0.2548;NA;1;NA;0;;421;1;0.2585;NA;1;NA;0;;421;1;0.4354;NA;1;NA;0
422;2;0;0.543;0;1;;422;2;0.0021;0.1245;0;1;0;;422;2;0.0015;0.1326;0;1;0;;422;2;1.00E-04;0.1459;0;1;0
423;1;0.34;NA;1;NA;;423;2;0.0016;0.378;0;1;0;;423;2;0.0012;0.3514;0;1;0;;423;1;0.1163;NA;1;NA;0
424;2;0;0.049;0;1;;424;1;0.5837;NA;1;NA;0;;424;1;0.5484;NA;1;NA;0;;424;1;0.6396;NA;1;NA;0
425;2;0;0.001;0;0;;425;2;2.00E-04;0.0025;0;0;0;;425;2;2.00E-04;0.002;0;0;0;;425;2;1.00E-04;0.0014;0;0;0
426;1;0.247;NA;1;NA;;426;2;7.00E-04;0.7697;0;1;0;;426;2;8.00E-04;0.746;0;1;0;;426;2;9.00E-04;0.6386;0;1;0
427;2;0.001;0.399;0;1;;427;1;0.0757;NA;1;NA;0;;427;1;0.0665;NA;1;NA;0;;427;2;7.00E-04;0.1251;0;1;0
428;2;0;0.018;0;1;;428;2;0;0.0325;0;1;0;;428;2;0;0.0236;0;1;0;;428;2;0;0.0116;0;1;0
429;1;0;NA;0;NA;;429;1;5.00E-04;NA;0;NA;0;;429;1;1.00E-04;NA;0;NA;0;;429;1;0;NA;0;NA;0
430;1;0.298;NA;1;NA;;430;2;0.0018;0.0093;0;0;0;;430;2;0.002;0.0244;0;1;0;;430;2;2.00E-04;0.3081;0;1;0
431;2;0.012;0.5;1;1;;431;2;0;2.00E-04;0;0;0;;431;2;0;6.00E-04;0;0;0;;431;2;0.018;0.064;1;1;0
432;1;0;NA;0;NA;;432;2;0;3.00E-04;0;0;0;;432;2;0;2.00E-04;0;0;0;;432;2;0;0.0024;0;0;0
433;2;0.001;0.008;0;0;;433;2;0.2015;0.0024;1;0;0;;433;2;0.1506;0.0019;1;0;0;;433;2;0.0048;0.0195;0;1;0
434;2;0.003;0.025;0;1;;434;2;0.0212;0.1847;1;1;0;;434;2;0.0153;0.1395;1;1;0;;434;2;0.0044;0.017;0;1;0
435;2;0.009;0.003;0;0;;435;2;0.0973;0.0085;1;0;0;;435;2;0.0953;0.0073;1;0;0;;435;2;0.0227;0.0374;1;1;0
436;2;0;0.111;0;1;;436;1;0.274;NA;1;NA;0;;436;1;0.2541;NA;1;NA;0;;436;1;0.1844;NA;1;NA;0
437;2;0.001;0.2;0;1;;437;1;0.9729;NA;1;NA;0;;437;1;0.9674;NA;1;NA;0;;437;2;0.0105;0.5459;1;1;0
438;2;0.002;0;0;0;;438;2;0;0.0095;0;0;0;;438;2;0;0.0044;0;0;0;;438;2;1.00E-04;0.0026;0;0;0
439;2;0;0.019;0;1;;439;2;0;0.0019;0;0;0;;439;2;0;0.0014;0;0;0;;439;2;0;2.00E-04;0;0;0
440;2;0.014;0.296;1;1;;440;2;0.0243;0.467;1;1;0;;440;2;0.0158;0.5315;1;1;0;;440;2;0.0127;0.3828;1;1;0
441;2;0;0.229;0;1;;441;1;0.5739;NA;1;NA;0;;441;1;0.5696;NA;1;NA;0;;441;2;1.00E-04;0.1815;0;1;0
442;2;0;0.155;0;1;;442;2;0;0.154;0;1;0;;442;2;0;0.1555;0;1;0;;442;2;5.00E-04;0.2413;0;1;0
443;2;0.001;0.364;0;1;;443;2;0.0012;0.167;0;1;0;;443;2;0.0012;0.2181;0;1;0;;443;2;0.0043;0.1244;0;1;0
444;2;0;0.682;0;1;;444;2;0.0014;0.2386;0;1;0;;444;2;0.0013;0.2317;0;1;0;;444;2;8.00E-04;0.6769;0;1;0
445;1;0.067;NA;1;NA;;445;1;0.2992;NA;1;NA;0;;445;1;0.2259;NA;1;NA;0;;445;1;0.0522;NA;1;NA;0
446;2;0;0.156;0;1;;446;2;3.00E-04;0.0813;0;1;0;;446;2;4.00E-04;0.0863;0;1;0;;446;2;1.00E-04;0.0338;0;1;0
447;1;0.004;NA;0;NA;;447;1;0.1445;NA;1;NA;0;;447;1;0.1329;NA;1;NA;0;;447;1;0.0999;NA;1;NA;0
448;2;0;0.339;0;1;;448;2;0;0.1426;0;1;0;;448;2;0;0.1188;0;1;0;;448;2;0;0.0497;0;1;0
449;2;0;0.439;0;1;;449;2;4.00E-04;0.8031;0;1;0;;449;2;2.00E-04;0.761;0;1;0;;449;2;0;0.5738;0;1;0
450;2;0;0.186;0;1;;450;2;0;0.1901;0;1;0;;450;2;0;0.1825;0;1;0;;450;2;0;0.094;0;1;0
451;2;0.001;0.034;0;1;;451;2;1.00E-04;0.0196;0;1;0;;451;2;1.00E-04;0.012;0;1;0;;451;2;0.0019;0.0126;0;1;0
452;2;0;0.567;0;1;;452;2;1.00E-04;0.5589;0;1;0;;452;2;1.00E-04;0.4687;0;1;0;;452;2;0;0.3488;0;1;0
453;2;0;0.118;0;1;;453;1;0;NA;0;NA;0;;453;1;0;NA;0;NA;0;;453;1;0;NA;0;NA;0
454;2;0.002;0.021;0;1;;454;2;6.00E-04;0.7044;0;1;0;;454;2;0.0011;0.817;0;1;0;;454;2;2.00E-04;0.3093;0;1;0
455;2;0;0.822;0;1;;455;1;0.1397;NA;1;NA;0;;455;2;3.00E-04;0.7172;0;1;0;;455;2;1.00E-04;0.6769;0;1;0
456;2;0;0;0;0;;456;2;0;1.00E-04;0;0;0;;456;2;0;1.00E-04;0;0;0;;456;2;0;2.00E-04;0;0;0
457;2;0;0.018;0;1;;457;2;0;0.2304;0;1;0;;457;2;0;0.2455;0;1;0;;457;2;0;0.117;0;1;0
458;2;0;0.004;0;0;;458;2;7.00E-04;0;0;0;0;;458;2;5.00E-04;0;0;0;0;;458;2;1.00E-04;0;0;0;0
459;2;0;0.15;0;1;;459;1;0.0044;NA;0;NA;0;;459;2;0;8.00E-04;0;0;0;;459;2;0;0.0058;0;0;0
460;2;0;0;0;0;;460;2;0;0;0;0;0;;460;2;0;1.00E-04;0;0;0;;460;2;0;1.00E-04;0;0;0
461;2;0;0.176;0;1;;461;2;0;0.0409;0;1;0;;461;2;0;0.0282;0;1;0;;461;2;0;0.161;0;1;0
462;2;0.001;0.303;0;1;;462;2;8.00E-04;0.0657;0;1;0;;462;2;0.0014;0.0892;0;1;0;;462;2;0.0075;0.0594;0;1;0
463;2;0;0;0;0;;463;2;1.00E-04;0.0441;0;1;0;;463;2;1.00E-04;0.0399;0;1;0;;463;2;0;0.008;0;0;0
464;2;0;0.167;0;1;;464;2;6.00E-04;0.0368;0;1;0;;464;2;5.00E-04;0.026;0;1;0;;464;2;1.00E-04;0.0748;0;1;0
465;2;0.002;0.021;0;1;;465;1;0.0136;NA;1;NA;0;;465;1;0.0122;NA;1;NA;0;;465;1;0.0262;NA;1;NA;0
466;2;0;0.002;0;0;;466;2;0;0.0048;0;0;0;;466;2;0;0.0044;0;0;0;;466;2;0;0.0091;0;0;0
467;1;0.183;NA;1;NA;;467;2;0.0459;0.4782;1;1;0;;467;2;0.0403;0.4327;1;1;0;;467;2;0.0056;0.4671;0;1;0
468;1;0.007;NA;0;NA;;468;1;0.3484;NA;1;NA;1;;468;NA;NA;NA;NA;NA;1;;468;1;0.2024;NA;1;NA;0
469;2;0;0.032;0;1;;469;2;0.1001;0.1008;1;1;0;;469;2;0.0915;0.0941;1;1;0;;469;2;0;0.4579;0;1;0
470;2;0.001;0.326;0;1;;470;2;0.0029;0.0063;0;0;0;;470;2;0.0035;0.009;0;0;0;;470;2;0.0018;0.0217;0;1;0
471;2;0.001;0.088;0;1;;471;2;5.00E-04;0.3613;0;1;0;;471;2;7.00E-04;0.3369;0;1;0;;471;2;6.00E-04;0.0876;0;1;0
472;2;0;0.004;0;0;;472;2;0;0.0072;0;0;0;;472;2;0;0.0088;0;0;0;;472;2;0;0.0048;0;0;0
473;2;0.007;0.218;0;1;;473;2;0.549;0.1472;1;1;0;;473;2;0.5585;0.1604;1;1;0;;473;2;0.4042;0.21;1;1;0
474;2;0;0.03;0;1;;474;2;0;0.157;0;1;0;;474;2;0;0.1277;0;1;0;;474;2;0;0.0403;0;1;0
475;2;0;0.013;0;1;;475;2;0.0024;0.0112;0;1;0;;475;2;0.0016;0.0132;0;1;0;;475;2;0;0.0138;0;1;0
476;2;0.049;0.095;1;1;;476;2;0.0484;0.5935;1;1;0;;476;2;0.0281;0.4836;1;1;0;;476;2;0.0055;0.0813;0;1;0
477;2;0;0.011;0;1;;477;2;0;0.0183;0;1;0;;477;2;0;0.0168;0;1;0;;477;2;0;0.0045;0;0;0
478;2;0.008;0.304;0;1;;478;2;0.0217;0.3347;1;1;0;;478;2;0.0145;0.2722;1;1;0;;478;2;0;0.0203;0;1;0
479;2;0;0.463;0;1;;479;2;0.0431;0.2136;1;1;0;;479;2;0.0248;0.2824;1;1;0;;479;2;0.0027;0.4779;0;1;0
480;2;0;0.022;0;1;;480;2;0;0.0179;0;1;0;;480;2;0;0.0173;0;1;0;;480;2;0;0.0253;0;1;0
481;2;0;0.33;0;1;;481;1;0.0603;NA;1;NA;0;;481;1;0.0547;NA;1;NA;0;;481;2;3.00E-04;0.004;0;0;0
482;2;0.007;0.164;0;1;;482;2;0.3638;0.1226;1;1;0;;482;2;0.3323;0.1463;1;1;0;;482;2;0.0554;0.7868;1;1;0
483;2;0;0.255;0;1;;483;2;0.0066;0.0227;0;1;0;;483;2;0.0032;0.0229;0;1;0;;483;2;0;0.5011;0;1;0
484;2;0.011;0.005;1;0;;484;2;0.0247;0.1245;1;1;0;;484;2;0.0231;0.1292;1;1;0;;484;2;0;0.0206;0;1;0
485;1;0.057;NA;1;NA;;485;1;0.1042;NA;1;NA;0;;485;1;0.1036;NA;1;NA;0;;485;1;0.0166;NA;1;NA;0
486;2;0;0.337;0;1;;486;2;0;0;0;0;0;;486;2;0;1.00E-04;0;0;0;;486;2;0;0;0;0;0
487;1;0.001;NA;0;NA;;487;1;0.0107;NA;1;NA;0;;487;1;0.0112;NA;1;NA;0;;487;2;6.00E-04;0.0792;0;1;0
488;2;0;0.064;0;1;;488;1;0.2368;NA;1;NA;0;;488;2;0.0022;0.4526;0;1;0;;488;2;3.00E-04;0.4295;0;1;0
489;1;0;NA;0;NA;;489;2;0;0.0978;0;1;0;;489;2;0;0.1037;0;1;0;;489;2;0;0.0751;0;1;0
490;2;0.003;0.027;0;1;;490;2;0;0;0;0;0;;490;2;0;0;0;0;0;;490;2;0;0.0157;0;1;0
491;2;0.008;0.032;0;1;;491;2;0.0176;0.0783;1;1;0;;491;2;0.0265;0.078;1;1;0;;491;2;5.00E-04;0.0327;0;1;0
492;2;0;0.098;0;1;;492;2;0.0058;0.0422;0;1;0;;492;2;0.0032;0.0651;0;1;0;;492;2;9.00E-04;0.1753;0;1;0
493;2;0;0.07;0;1;;493;2;0.0012;0.8075;0;1;0;;493;2;0.0011;0.8212;0;1;0;;493;2;3.00E-04;0.0051;0;0;0
494;2;0.011;0.917;1;1;;494;2;0.0119;0.1568;1;1;0;;494;2;0.0105;0.1687;1;1;0;;494;2;7.00E-04;0.7497;0;1;0
495;2;0.02;0.102;1;1;;495;1;0.0738;NA;1;NA;0;;495;1;0.0459;NA;1;NA;0;;495;1;0.3329;NA;1;NA;0
496;2;0;0.88;0;1;;496;2;2.00E-04;0.2653;0;1;0;;496;2;2.00E-04;0.266;0;1;0;;496;2;1.00E-04;0.5613;0;1;0
497;2;0;0.414;0;1;;497;2;6.00E-04;0.1792;0;1;0;;497;2;7.00E-04;0.1489;0;1;0;;497;2;4.00E-04;0.4454;0;1;0
498;2;0;0.38;0;1;;498;2;2.00E-04;0.0213;0;1;0;;498;2;1.00E-04;0.058;0;1;0;;498;2;3.00E-04;0.2048;0;1;0
499;2;0;0.062;0;1;;499;2;3.00E-04;0.0559;0;1;0;;499;2;6.00E-04;0.132;0;1;0;;499;2;1.00E-04;0.2316;0;1;0
500;2;0.001;0.152;0;1;;500;2;0.0011;0.0947;0;1;0;;500;2;0.0015;0.1104;0;1;0;;500;2;0.0012;0.0202;0;1;0
501;1;0;NA;0;NA;;501;1;1.00E-04;NA;0;NA;0;;501;1;1.00E-04;NA;0;NA;0;;501;1;0;NA;0;NA;0
502;1;0.003;NA;0;NA;;502;1;0.0903;NA;1;NA;0;;502;1;0.0376;NA;1;NA;0;;502;1;0;NA;0;NA;0
503;2;0.095;0.123;1;1;;503;2;0.0167;0.3112;1;1;0;;503;2;0.014;0.3178;1;1;0;;503;2;0.0079;0.5274;0;1;0
504;2;0;0.001;0;0;;504;1;0.0123;NA;1;NA;0;;504;1;0.0076;NA;0;NA;0;;504;2;0;3.00E-04;0;0;0
505;1;0.048;NA;1;NA;;505;1;0.0178;NA;1;NA;0;;505;1;0.0235;NA;1;NA;0;;505;1;0.0984;NA;1;NA;0
506;2;0.633;0.717;1;1;;506;1;0.9538;NA;1;NA;0;;506;1;0.9497;NA;1;NA;0;;506;2;0.0086;0.5971;0;1;0
507;2;0.017;0.231;1;1;;507;2;0.0026;0.0401;0;1;0;;507;2;0.0019;0.0645;0;1;0;;507;2;0.0433;0.7124;1;1;0
508;2;0;0.009;0;0;;508;2;0.0074;0.0648;0;1;0;;508;2;0.0051;0.0588;0;1;0;;508;2;0;0.0069;0;0;0
509;2;0;0.027;0;1;;509;1;0.1621;NA;1;NA;0;;509;1;0.2;NA;1;NA;0;;509;1;0.111;NA;1;NA;0
510;2;0;0.002;0;0;;510;2;0;0.0017;0;0;0;;510;2;0;0.0011;0;0;0;;510;2;0;4.00E-04;0;0;0
511;2;0.001;0.816;0;1;;511;2;0.0121;0.1587;1;1;0;;511;2;0.0062;0.171;0;1;0;;511;2;0;0.4697;0;1;0
512;2;0.022;0.001;1;0;;512;2;0.0095;9.00E-04;0;0;0;;512;2;0.0109;7.00E-04;1;0;0;;512;2;0.0111;5.00E-04;1;0;0
513;2;0;0.002;0;0;;513;2;0;0.0085;0;0;0;;513;2;1.00E-04;0.0374;0;1;0;;513;2;0;2.00E-04;0;0;0
514;2;0.001;0.591;0;1;;514;1;0.0838;NA;1;NA;0;;514;1;0.077;NA;1;NA;0;;514;2;0;0.7036;0;1;0
515;2;0;0.363;0;1;;515;1;0.0052;NA;0;NA;0;;515;1;0.0046;NA;0;NA;0;;515;2;0;0.9277;0;1;0
516;2;0;0.216;0;1;;516;1;0.0083;NA;0;NA;0;;516;1;0.0074;NA;0;NA;0;;516;2;1.00E-04;0.1411;0;1;0
517;2;0;0.116;0;1;;517;2;0.0019;0.0157;0;1;0;;517;2;0.016;0.033;1;1;0;;517;2;0;0.0238;0;1;0
518;2;0;0.074;0;1;;518;2;0;0.0026;0;0;0;;518;2;0;0.0065;0;0;0;;518;2;0;0.0064;0;0;0
519;2;0;0.048;0;1;;519;1;0.4711;NA;1;NA;0;;519;1;0.4637;NA;1;NA;0;;519;2;9.00E-04;0.0334;0;1;0
520;2;0;0.64;0;1;;520;1;0.0037;NA;0;NA;0;;520;1;0.004;NA;0;NA;0;;520;2;0;0.5504;0;1;0
521;2;0;0.23;0;1;;521;2;0;0.193;0;1;0;;521;2;0;0.1993;0;1;0;;521;2;0;0.134;0;1;0
522;2;0;0.018;0;1;;522;2;1.00E-04;0.0427;0;1;0;;522;2;1.00E-04;0.0613;0;1;0;;522;2;0;0.0297;0;1;0
523;2;0;0.448;0;1;;523;2;0;0.2549;0;1;0;;523;2;0;0.2811;0;1;0;;523;2;0;0.4325;0;1;0
524;2;0.001;0.158;0;1;;524;2;0.0054;0.2911;0;1;0;;524;2;0.0085;0.3681;0;1;0;;524;2;5.00E-04;0.0456;0;1;0
525;2;0;0.938;0;1;;525;1;0.8372;NA;1;NA;0;;525;1;0.8635;NA;1;NA;0;;525;2;0.0368;0.5827;1;1;0
526;2;0;0;0;0;;526;2;0;7.00E-04;0;0;0;;526;2;0;0;0;0;0;;526;2;0;0;0;0;0
527;2;0;0.597;0;1;;527;2;0.0149;0.9598;1;1;0;;527;2;0.0249;0.9794;1;1;0;;527;2;0;0.6589;0;1;0
528;2;0.006;0.031;0;1;;528;2;1.00E-04;0.2025;0;1;0;;528;2;3.00E-04;0.247;0;1;0;;528;2;0.0153;0.0265;1;1;0
529;2;0;0.314;0;1;;529;2;0;0.506;0;1;0;;529;2;0;0.5054;0;1;0;;529;2;0;0.3538;0;1;0
530;2;0.001;0.499;0;1;;530;1;0.3663;NA;1;NA;0;;530;1;0.3593;NA;1;NA;0;;530;2;0.0047;0.4305;0;1;0
531;1;0.001;NA;0;NA;;531;2;2.00E-04;0.0658;0;1;0;;531;2;3.00E-04;0.0485;0;1;0;;531;2;0;0.0061;0;0;0
532;2;0;0.006;0;0;;532;1;0.5837;NA;1;NA;0;;532;1;0.5505;NA;1;NA;0;;532;2;0;0.0079;0;0;0
533;2;0;0.001;0;0;;533;2;2.00E-04;0.069;0;1;0;;533;2;6.00E-04;0.0873;0;1;0;;533;2;0;0.0039;0;0;0
534;2;0;0.052;0;1;;534;2;0;0.0457;0;1;0;;534;2;1.00E-04;0.0538;0;1;0;;534;2;0;0.0581;0;1;0
535;2;0;0;0;0;;535;2;2.00E-04;0.0517;0;1;0;;535;2;1.00E-04;0.0421;0;1;0;;535;2;0;2.00E-04;0;0;0
536;2;0;0.002;0;0;;536;2;0.0033;0.2028;0;1;0;;536;2;0.004;0.1868;0;1;0;;536;2;0;9.00E-04;0;0;0
537;2;0;0;0;0;;537;2;1.00E-04;0.0353;0;1;0;;537;2;0;0.0203;0;1;0;;537;2;0;1.00E-04;0;0;0
538;2;0.002;0.78;0;1;;538;2;0.0202;0.2405;1;1;0;;538;2;0.0093;0.2992;0;1;0;;538;2;0.0023;0.8309;0;1;0
539;1;0.913;NA;1;NA;;539;1;0.9106;NA;1;NA;0;;539;1;0.9178;NA;1;NA;0;;539;1;0.9253;NA;1;NA;0
540;2;0;0.011;0;1;;540;2;0.0016;0.0282;0;1;0;;540;2;0.0152;0.0721;1;1;0;;540;2;0.0407;0.1274;1;1;0
541;2;0.001;0.005;0;0;;541;2;0;0.0063;0;0;0;;541;2;0;0.0028;0;0;0;;541;2;0.0963;0.1078;1;1;0
542;2;0.002;0.317;0;1;;542;2;4.00E-04;0.1103;0;1;0;;542;2;5.00E-04;0.1154;0;1;0;;542;2;0.0238;0.1743;1;1;0
543;2;0.004;0.02;0;1;;543;2;9.00E-04;2.00E-04;0;0;0;;543;2;8.00E-04;1.00E-04;0;0;0;;543;2;1.00E-04;0.0044;0;0;0
544;1;0.048;NA;1;NA;;544;2;1.00E-04;0.3571;0;1;0;;544;2;3.00E-04;0.4033;0;1;0;;544;2;1.00E-04;0.0923;0;1;0
545;2;0;0.001;0;0;;545;1;0.5989;NA;1;NA;0;;545;1;0.6331;NA;1;NA;0;;545;2;0;6.00E-04;0;0;0
546;2;0;0.302;0;1;;546;2;8.00E-04;0.6438;0;1;0;;546;2;3.00E-04;0.6901;0;1;0;;546;2;0;0.1858;0;1;0
547;2;0.006;0.804;0;1;;547;2;4.00E-04;0.0121;0;1;0;;547;2;0.002;0.0223;0;1;0;;547;2;0;0.3591;0;1;0
548;2;0;0.002;0;0;;548;2;0;0.0061;0;0;0;;548;2;0;6.00E-04;0;0;0;;548;2;0;0.0025;0;0;0
549;2;0.015;0.126;1;1;;549;2;0.0379;0.2012;1;1;0;;549;2;0.0171;0.2243;1;1;0;;549;2;4.00E-04;0.2306;0;1;0
550;1;0.027;NA;1;NA;;550;1;0.0029;NA;0;NA;0;;550;1;0.0016;NA;0;NA;0;;550;1;0;NA;0;NA;0
551;2;0;0.143;0;1;;551;2;0.002;0.0764;0;1;0;;551;2;0.0012;0.0839;0;1;0;;551;2;1.00E-04;0.1021;0;1;0
552;2;0.009;0.044;0;1;;552;1;0.0048;NA;0;NA;0;;552;1;0.0094;NA;0;NA;0;;552;2;0.0175;0.0441;1;1;0
